Protocollo;Gruppo;DataOraIncidente;Localizzazione1;STRADA1;Localizzazione2;STRADA2;Strada02;Chilometrica;DaSpecificare;NaturaIncidente;particolaritastrade;TipoStrada;FondoStradale;Pavimentazione;Segnaletica;CondizioneAtmosferica;Traffico;Visibilita;Illuminazione;NUM_FERITI;NUM_RISERVATA;NUM_MORTI;NUM_ILLESI;Longitudine;Latitudine;Confermato;Progressivo;TipoVeicolo;StatoVeicolo;TipoPersona;Sesso;Tipolesione;Deceduto;DecedutoDopo;CinturaCascoUtilizzato;Airbag
1810923;12;03/09/2009 10:15;Strada Urbana;VIA BRUNO BRANDELLERO;da specificare;;;;alt. sottopasso colombo;Veicolo in marcia contro ostacolo accidentale;Curva a visuale libera;Una carreggiata a doppio senso;Asciutto;Asfaltata;Orizzontale;Sereno;Scarso;Buona;Ore Diurne;2;0;0;0;;;-1;1;Motociclo con passeggero;In marcia / fermata / arresto;Passeggero;F;Rimandato;0;NON DECEDUTO;Utilizzato;Inesistente
1810924;12;03/09/2009 19:45;Strada Urbana;VIALE AMERICA;da specificare;;;;alt. civ. 266;Veicolo in marcia contro veicolo in sosta;Rettilineo;Una carreggiata a doppio senso;Asciutto;Asfaltata;Verticale ed orizzontale;Sereno;Normale;Buona;Ore Diurne;0;0;0;1;;;-1;1;Autocarro inferiore 35 q.;In marcia / fermata / arresto;Conducente;M;Illeso;0;;Utilizzato;Inesploso
1810925;12;04/09/2009 10:50;Strada Urbana;VIALE BEATA VERGINE DEL CARMELO;in prossimità;;del civico n. ;151;;Scontro frontale/laterale SX fra veicoli in marcia;Rettilineo;Una carreggiata a doppio senso;Asciutto;Asfaltata;Verticale ed orizzontale;Sereno;Normale;Buona;Ore Diurne;0;0;0;2;;;-1;1;Autovettura privata;In marcia / fermata / arresto;Conducente;M;Illeso;0;;Utilizzato;Inesistente
1810925;12;04/09/2009 10:50;Strada Urbana;VIALE BEATA VERGINE DEL CARMELO;in prossimità;;del civico n. ;151;;Scontro frontale/laterale SX fra veicoli in marcia;Rettilineo;Una carreggiata a doppio senso;Asciutto;Asfaltata;Verticale ed orizzontale;Sereno;Normale;Buona;Ore Diurne;0;0;0;2;;;-1;1;Autovettura privata;In marcia / fermata / arresto;Passeggero;M;Illeso;0;;Utilizzato;Inesistente
1810926;12;04/09/2009 14:05;Strada Urbana;VIALE DELLA GRANDE MURAGLIA;da specificare;;;;tratto tra largo P.za Tien An Men e P.za Monte Tai;Ribaltamento senza urto contro ostacolo fisso;Curva a visuale libera;Due carreggiate;Asciutto;Asfaltata;Orizzontale;Sereno;Scarso;Buona;Ore Diurne;1;0;0;0;;;-1;1;Ciclomotore;In marcia / fermata / arresto;Conducente;M;Ricoverato;0;NON DECEDUTO;Non accertato;Inesistente
1810927;12;04/09/2009 16:05;Strada Urbana;VIA DI ACQUA ACETOSA OSTIENSE;da specificare;;;;prossimità ingresso Motorizzazione Civile;Tamponamento Multiplo;Rettilineo;Una carreggiata a doppio senso;Asciutto;Asfaltata;Verticale ed orizzontale;Sereno;Normale;Buona;Ore Diurne;0;0;0;4;;;-1;1;Autovettura privata;In marcia / fermata / arresto;Conducente;M;Illeso;0;;Utilizzato;Inesploso
1810927;12;04/09/2009 16:05;Strada Urbana;VIA DI ACQUA ACETOSA OSTIENSE;da specificare;;;;prossimità ingresso Motorizzazione Civile;Tamponamento Multiplo;Rettilineo;Una carreggiata a doppio senso;Asciutto;Asfaltata;Verticale ed orizzontale;Sereno;Normale;Buona;Ore Diurne;0;0;0;4;;;-1;1;Autovettura privata;In marcia / fermata / arresto;Passeggero;M;Illeso;0;;Utilizzato;Inesistente
1810927;12;04/09/2009 16:05;Strada Urbana;VIA DI ACQUA ACETOSA OSTIENSE;da specificare;;;;prossimità ingresso Motorizzazione Civile;Tamponamento Multiplo;Rettilineo;Una carreggiata a doppio senso;Asciutto;Asfaltata;Verticale ed orizzontale;Sereno;Normale;Buona;Ore Diurne;0;0;0;4;;;-1;2;Autovettura privata;In marcia / fermata / arresto;Conducente;F;Illeso;0;;Utilizzato;Inesploso
1810927;12;04/09/2009 16:05;Strada Urbana;VIA DI ACQUA ACETOSA OSTIENSE;da specificare;;;;prossimità ingresso Motorizzazione Civile;Tamponamento Multiplo;Rettilineo;Una carreggiata a doppio senso;Asciutto;Asfaltata;Verticale ed orizzontale;Sereno;Normale;Buona;Ore Diurne;0;0;0;4;;;-1;3;Autovettura privata;In marcia / fermata / arresto;Conducente;M;Illeso;0;;Utilizzato;Inesistente
1810928;12;06/09/2009 15:15;Statale;VIA PONTINA;da specificare;;;;in prossimità del chilometro 17,00 direzione Roma ;Scontro laterale fra veicoli in marcia;Rettilineo;Due carreggiate;Asciutto;Asfaltata;Verticale ed orizzontale;Nuvoloso;Normale;Buona;Ore Diurne;0;0;0;2;;;-1;1;Autovettura privata;In marcia / fermata / arresto;Conducente;M;Illeso;0;;Utilizzato;Inesploso
1810928;12;06/09/2009 15:15;Statale;VIA PONTINA;da specificare;;;;in prossimità del chilometro 17,00 direzione Roma ;Scontro laterale fra veicoli in marcia;Rettilineo;Due carreggiate;Asciutto;Asfaltata;Verticale ed orizzontale;Nuvoloso;Normale;Buona;Ore Diurne;0;0;0;2;;;-1;2;Autocarro inferiore 35 q.;In marcia / fermata / arresto;Conducente;M;Illeso;0;;Utilizzato;Inesistente
1810929;12;03/09/2009 19:30;Provinciale;VIA OSTIENSE;da specificare;;;; direzione Ostia altezza uscita G.R.A. carr. ester;Scontro laterale fra veicoli in marcia;Cavalcavia;Una carreggiata a senso unico di marcia;Asciutto;Asfaltata;Verticale ed orizzontale;Sereno;Intenso;Buona;Ore Diurne;0;0;0;2;;;-1;1;Autovettura privata;In marcia / fermata / arresto;Conducente;M;Illeso;0;;Utilizzato;Inesploso
1810929;12;03/09/2009 19:30;Provinciale;VIA OSTIENSE;da specificare;;;; direzione Ostia altezza uscita G.R.A. carr. ester;Scontro laterale fra veicoli in marcia;Cavalcavia;Una carreggiata a senso unico di marcia;Asciutto;Asfaltata;Verticale ed orizzontale;Sereno;Intenso;Buona;Ore Diurne;0;0;0;2;;;-1;2;Autovettura privata;In marcia / fermata / arresto;Conducente;M;Illeso;0;;Utilizzato;Inesploso
1810930;13;06/09/2009 10:40;Strada Urbana;VIA DI CASTEL FUSANO;da specificare;;;;pressi ADVENTUR PARCK;Scontro frontale/laterale SX fra veicoli in marcia;Rettilineo;Una carreggiata a doppio senso;Asciutto;Asfaltata;Verticale ed orizzontale;Sereno;Intenso;Buona;Ore Diurne;1;0;0;1;;;-1;1;Autovettura privata;In marcia / fermata / arresto;Conducente;F;Illeso;0;;Non accertato;Inesistente
1810930;13;06/09/2009 10:40;Strada Urbana;VIA DI CASTEL FUSANO;da specificare;;;;pressi ADVENTUR PARCK;Scontro frontale/laterale SX fra veicoli in marcia;Rettilineo;Una carreggiata a doppio senso;Asciutto;Asfaltata;Verticale ed orizzontale;Sereno;Intenso;Buona;Ore Diurne;1;0;0;1;;;-1;2;Motociclo a solo;In marcia / fermata / arresto;Conducente;M;Rimandato;0;NON DECEDUTO;Non accertato;Inesistente
1810931;13;06/09/2009 13:30;Strada Urbana;VIALE VASCO DE GAMA;all'intersezione con;VIALE DELLE REPUBBLICHE MARINARE;VIALE DELLE REPUBBLICHE MARINARE;;;Scontro frontale/laterale DX fra veicoli in marcia;Incrocio;Una carreggiata a doppio senso;Asciutto;Asfaltata;Verticale ed orizzontale;Sereno;Scarso;Buona;Ore Diurne;0;0;0;2;;;-1;1;Autovettura privata;In marcia / fermata / arresto;Conducente;M;Illeso;0;;Non accertato;Inesploso
1810931;13;06/09/2009 13:30;Strada Urbana;VIALE VASCO DE GAMA;all'intersezione con;VIALE DELLE REPUBBLICHE MARINARE;VIALE DELLE REPUBBLICHE MARINARE;;;Scontro frontale/laterale DX fra veicoli in marcia;Incrocio;Una carreggiata a doppio senso;Asciutto;Asfaltata;Verticale ed orizzontale;Sereno;Scarso;Buona;Ore Diurne;0;0;0;2;;;-1;2;Autocarro inferiore 35 q.;In marcia / fermata / arresto;Conducente;M;Illeso;0;;Non utilizzato;Inesploso
1810932;13;06/09/2009 18:50;Strada Urbana;VIA ISABELLA DI CASTIGLIA;all'intersezione con;VIA ALESSANDRO GERALDINI;VIA ALESSANDRO GERALDINI;;;Scontro frontale/laterale DX fra veicoli in marcia;Incrocio;Una carreggiata a doppio senso;Asciutto;Asfaltata;Assente;Sereno;Intenso;Buona;Ore Diurne;0;0;0;2;;;-1;1;Autovettura privata;In marcia / fermata / arresto;Conducente;F;Illeso;0;;Non accertato;Inesploso
1810932;13;06/09/2009 18:50;Strada Urbana;VIA ISABELLA DI CASTIGLIA;all'intersezione con;VIA ALESSANDRO GERALDINI;VIA ALESSANDRO GERALDINI;;;Scontro frontale/laterale DX fra veicoli in marcia;Incrocio;Una carreggiata a doppio senso;Asciutto;Asfaltata;Assente;Sereno;Intenso;Buona;Ore Diurne;0;0;0;2;;;-1;2;Autovettura privata;In marcia / fermata / arresto;Conducente;M;Illeso;0;;Non accertato;Inesploso
1810933;13;06/09/2009 20:00;Strada Urbana;VIALE DESIDERATO PIETRI;all'intersezione con;PIAZZA ALERIA;PIAZZA ALERIA;;;Scontro laterale fra veicoli in marcia;Incrocio;Due carreggiate;Asciutto;Asfaltata;Orizzontale;Nuvoloso;Scarso;Buona;Sufficiente;2;0;0;2;;;-1;1;Motociclo con passeggero;In marcia / fermata / arresto;Conducente;M;Rimandato;0;NON DECEDUTO;Utilizzato;Inesistente
1810933;13;06/09/2009 20:00;Strada Urbana;VIALE DESIDERATO PIETRI;all'intersezione con;PIAZZA ALERIA;PIAZZA ALERIA;;;Scontro laterale fra veicoli in marcia;Incrocio;Due carreggiate;Asciutto;Asfaltata;Orizzontale;Nuvoloso;Scarso;Buona;Sufficiente;2;0;0;2;;;-1;1;Motociclo con passeggero;In marcia / fermata / arresto;Passeggero;M;Rimandato;0;NON DECEDUTO;Utilizzato;Inesistente
1810933;13;06/09/2009 20:00;Strada Urbana;VIALE DESIDERATO PIETRI;all'intersezione con;PIAZZA ALERIA;PIAZZA ALERIA;;;Scontro laterale fra veicoli in marcia;Incrocio;Due carreggiate;Asciutto;Asfaltata;Orizzontale;Nuvoloso;Scarso;Buona;Sufficiente;2;0;0;2;;;-1;2;Autovettura privata;In marcia / fermata / arresto;Conducente;M;Illeso;0;;Non accertato;Inesistente
1810933;13;06/09/2009 20:00;Strada Urbana;VIALE DESIDERATO PIETRI;all'intersezione con;PIAZZA ALERIA;PIAZZA ALERIA;;;Scontro laterale fra veicoli in marcia;Incrocio;Due carreggiate;Asciutto;Asfaltata;Orizzontale;Nuvoloso;Scarso;Buona;Sufficiente;2;0;0;2;;;-1;3;Autovettura privata;Sosta;Passeggero;F;Illeso;0;;Non accertato;Inesploso
1810934;13;07/09/2009 01:00;Strada Urbana;PIAZZA FONTE DEGLI ACILII;all'intersezione con;VIA PINDARO;VIA PINDARO;;;Veicolo in marcia contro ostacolo fisso;Rotatoria;Una carreggiata a doppio senso;Asciutto;Asfaltata;Verticale ed orizzontale;Sereno;Scarso;Buona;Sufficiente;0;0;0;1;;;-1;1;Autovettura privata;In marcia / fermata / arresto;Conducente;M;Illeso;0;;Non accertato;Inesploso
1810935;13;07/09/2009 04:10;Strada Urbana;VIA LIDO DI CASTEL PORZIANO;da specificare;;;;PRESSI VIA MAREBBE;Scontro laterale fra veicoli in marcia;Curva a visuale libera;Una carreggiata a doppio senso;Asciutto;Asfaltata;Orizzontale;Sereno;Scarso;Insufficiente;Inesistente;1;0;0;1;;;-1;1;Autovettura di polizia;In marcia / fermata / arresto;Conducente;M;Illeso;0;;Non accertato;Inesploso
1810935;13;07/09/2009 04:10;Strada Urbana;VIA LIDO DI CASTEL PORZIANO;da specificare;;;;PRESSI VIA MAREBBE;Scontro laterale fra veicoli in marcia;Curva a visuale libera;Una carreggiata a doppio senso;Asciutto;Asfaltata;Orizzontale;Sereno;Scarso;Insufficiente;Inesistente;1;0;0;1;;;-1;1;Autovettura di polizia;In marcia / fermata / arresto;Passeggero;M;Rimandato;0;NON DECEDUTO;Non accertato;Inesploso
1810936;15;05/09/2009 02:00;Strada Urbana;VIA PIAN DUE TORRI;all'intersezione con;VIA SESTO FIORENTINO;VIA SESTO FIORENTINO;;;Scontro frontale/laterale DX fra veicoli in marcia;Incrocio;Una carreggiata a senso unico di marcia;Asciutto;Asfaltata;Verticale ed orizzontale;Sereno;Normale;Buona;Sufficiente;2;0;0;1;;;-1;1;Autovettura privata;In marcia / fermata / arresto;Conducente;M;Illeso;0;;Utilizzato;Inesistente
1810936;15;05/09/2009 02:00;Strada Urbana;VIA PIAN DUE TORRI;all'intersezione con;VIA SESTO FIORENTINO;VIA SESTO FIORENTINO;;;Scontro frontale/laterale DX fra veicoli in marcia;Incrocio;Una carreggiata a senso unico di marcia;Asciutto;Asfaltata;Verticale ed orizzontale;Sereno;Normale;Buona;Sufficiente;2;0;0;1;;;-1;2;Autovettura privata;In marcia / fermata / arresto;Conducente;M;Rimandato;0;NON DECEDUTO;Utilizzato;Inesistente
1810936;15;05/09/2009 02:00;Strada Urbana;VIA PIAN DUE TORRI;all'intersezione con;VIA SESTO FIORENTINO;VIA SESTO FIORENTINO;;;Scontro frontale/laterale DX fra veicoli in marcia;Incrocio;Una carreggiata a senso unico di marcia;Asciutto;Asfaltata;Verticale ed orizzontale;Sereno;Normale;Buona;Sufficiente;2;0;0;1;;;-1;2;Autovettura privata;In marcia / fermata / arresto;Passeggero;F;Rimandato;0;NON DECEDUTO;Utilizzato;Inesistente
1810937;15;05/09/2009 04:00;Strada Urbana;VIA DI MONTE CUCCO;in corrispondenza;;del civico n. ;151;;Veicolo in marcia contro veicolo in sosta;Pendenza;Una carreggiata a doppio senso;Asciutto;Asfaltata;Orizzontale;Sereno;Scarso;Buona;Ore Diurne;0;0;0;1;;;-1;2;Autovettura privata;In marcia / fermata / arresto;Conducente;F;Illeso;0;;Non accertato;Inesistente
1810938;15;05/09/2009 11:30;Strada Urbana;VIALE GUGLIELMO MARCONI;in corrispondenza;;del civico n. ;28/30;;Veicoli in marcia contro veicolo fermo;Rettilineo;Due carreggiate;Asciutto;Asfaltata;Orizzontale;Sereno;Normale;Buona;Ore Diurne;1;0;0;1;;;-1;1;Autovettura privata;In marcia / fermata / arresto;Conducente;M;Illeso;0;;Non accertato;Inesistente
1810938;15;05/09/2009 11:30;Strada Urbana;VIALE GUGLIELMO MARCONI;in corrispondenza;;del civico n. ;28/30;;Veicoli in marcia contro veicolo fermo;Rettilineo;Due carreggiate;Asciutto;Asfaltata;Orizzontale;Sereno;Normale;Buona;Ore Diurne;1;0;0;1;;;-1;2;Motociclo a solo;In marcia / fermata / arresto;Conducente;M;Rimandato;0;NON DECEDUTO;Non accertato;Inesistente
1810939;15;05/09/2009 12:10;Strada Urbana;VIA PORTUENSE;all'intersezione con;VIA DEL PONTE PISANO;VIA DEL PONTE PISANO;;;Scontro frontale/laterale DX fra veicoli in marcia;Incrocio;Una carreggiata a doppio senso;Asciutto;Asfaltata;Verticale ed orizzontale;Sereno;Intenso;Buona;Ore Diurne;2;0;0;1;;;-1;1;Autovettura privata;In marcia / fermata / arresto;Conducente;F;Illeso;0;;Utilizzato;Inesistente
1810939;15;05/09/2009 12:10;Strada Urbana;VIA PORTUENSE;all'intersezione con;VIA DEL PONTE PISANO;VIA DEL PONTE PISANO;;;Scontro frontale/laterale DX fra veicoli in marcia;Incrocio;Una carreggiata a doppio senso;Asciutto;Asfaltata;Verticale ed orizzontale;Sereno;Intenso;Buona;Ore Diurne;2;0;0;1;;;-1;2;Motociclo a solo;In marcia / fermata / arresto;Conducente;M;Rimandato;0;NON DECEDUTO;Utilizzato;Inesistente
1810939;15;05/09/2009 12:10;Strada Urbana;VIA PORTUENSE;all'intersezione con;VIA DEL PONTE PISANO;VIA DEL PONTE PISANO;;;Scontro frontale/laterale DX fra veicoli in marcia;Incrocio;Una carreggiata a doppio senso;Asciutto;Asfaltata;Verticale ed orizzontale;Sereno;Intenso;Buona;Ore Diurne;2;0;0;1;;;-1;2;Motociclo a solo;In marcia / fermata / arresto;Passeggero;F;Rimandato;0;NON DECEDUTO;Utilizzato;Inesistente
1810940;15;05/09/2009 12:45;Strada Urbana;VIA PORTUENSE;da specificare;;;;300 mt dopo Via del Ponte Pisano dir. fuori Roma;Scontro frontale fra veicoli in marcia;Curva senza visuale libera;Una carreggiata a doppio senso;Sdrucciolevole (pietrisco);Asfaltata;Orizzontale;Sereno;Normale;Buona;Ore Diurne;2;0;0;0;;;-1;1;Motociclo a solo;In marcia / fermata / arresto;Conducente;M;Rimandato;0;NON DECEDUTO;Utilizzato;Inesistente
1810940;15;05/09/2009 12:45;Strada Urbana;VIA PORTUENSE;da specificare;;;;300 mt dopo Via del Ponte Pisano dir. fuori Roma;Scontro frontale fra veicoli in marcia;Curva senza visuale libera;Una carreggiata a doppio senso;Sdrucciolevole (pietrisco);Asfaltata;Orizzontale;Sereno;Normale;Buona;Ore Diurne;2;0;0;0;;;-1;2;Autovettura privata;In marcia / fermata / arresto;Conducente;F;Rifiuta cure immediate;0;NON DECEDUTO;Utilizzato;Inesistente
1810941;15;06/09/2009 11:45;Strada Urbana;VIA DELLA MAGLIANA;all'intersezione con;VIALE ALESSANDRO MARCHETTI;VIALE ALESSANDRO MARCHETTI;;;Scontro frontale/laterale SX fra veicoli in marcia;Incrocio;Una carreggiata a doppio senso;Asciutto;Asfaltata;Verticale ed orizzontale;Sereno;Scarso;Buona;Ore Diurne;2;0;0;1;;;-1;1;Autovettura privata;In marcia / fermata / arresto;Conducente;F;Illeso;0;;Utilizzato;Inesistente
1810941;15;06/09/2009 11:45;Strada Urbana;VIA DELLA MAGLIANA;all'intersezione con;VIALE ALESSANDRO MARCHETTI;VIALE ALESSANDRO MARCHETTI;;;Scontro frontale/laterale SX fra veicoli in marcia;Incrocio;Una carreggiata a doppio senso;Asciutto;Asfaltata;Verticale ed orizzontale;Sereno;Scarso;Buona;Ore Diurne;2;0;0;1;;;-1;2;Motociclo a solo;In marcia / fermata / arresto;Conducente;M;Rimandato;0;NON DECEDUTO;Utilizzato;Inesistente
1810941;15;06/09/2009 11:45;Strada Urbana;VIA DELLA MAGLIANA;all'intersezione con;VIALE ALESSANDRO MARCHETTI;VIALE ALESSANDRO MARCHETTI;;;Scontro frontale/laterale SX fra veicoli in marcia;Incrocio;Una carreggiata a doppio senso;Asciutto;Asfaltata;Verticale ed orizzontale;Sereno;Scarso;Buona;Ore Diurne;2;0;0;1;;;-1;2;Motociclo a solo;In marcia / fermata / arresto;Passeggero;F;Ricoverato;0;NON DECEDUTO;Utilizzato;Inesistente
1810942;15;06/09/2009 21:55;Strada Urbana;VIA DI VILLA BONELLI;in corrispondenza;;del civico n. ;8;;Scontro laterale fra veicoli in marcia;Rettilineo;Una carreggiata a senso unico di marcia;Asciutto;Asfaltata;Verticale;Sereno;Normale;Sufficiente;Sufficiente;1;0;0;1;;;-1;1;Autovettura privata;In marcia / fermata / arresto;Conducente;M;Illeso;0;;Utilizzato;Inesistente
1810942;15;06/09/2009 21:55;Strada Urbana;VIA DI VILLA BONELLI;in corrispondenza;;del civico n. ;8;;Scontro laterale fra veicoli in marcia;Rettilineo;Una carreggiata a senso unico di marcia;Asciutto;Asfaltata;Verticale;Sereno;Normale;Sufficiente;Sufficiente;1;0;0;1;;;-1;2;Autovettura privata;In marcia / fermata / arresto;Conducente;F;Rimandato;0;NON DECEDUTO;Utilizzato;Inesistente
1810947;18;04/09/2009 15:40;Strada Urbana;PIAZZA DI VILLA CARPEGNA;in corrispondenza;;del civico n. ;46;;Scontro laterale fra veicoli in marcia;Curva a visuale libera;Una carreggiata a senso unico di marcia;Asciutto;Asfaltata;Verticale ed orizzontale;Sereno;Normale;Buona;Ore Diurne;0;0;0;3;;;-1;1;Autovettura privata;In marcia / fermata / arresto;Conducente;F;Illeso;0;;Non accertato;Inesploso
1810947;18;04/09/2009 15:40;Strada Urbana;PIAZZA DI VILLA CARPEGNA;in corrispondenza;;del civico n. ;46;;Scontro laterale fra veicoli in marcia;Curva a visuale libera;Una carreggiata a senso unico di marcia;Asciutto;Asfaltata;Verticale ed orizzontale;Sereno;Normale;Buona;Ore Diurne;0;0;0;3;;;-1;1;Autovettura privata;In marcia / fermata / arresto;Passeggero;M;Illeso;0;;Non accertato;Inesploso
1810947;18;04/09/2009 15:40;Strada Urbana;PIAZZA DI VILLA CARPEGNA;in corrispondenza;;del civico n. ;46;;Scontro laterale fra veicoli in marcia;Curva a visuale libera;Una carreggiata a senso unico di marcia;Asciutto;Asfaltata;Verticale ed orizzontale;Sereno;Normale;Buona;Ore Diurne;0;0;0;3;;;-1;2;Motociclo a solo;In marcia / fermata / arresto;Conducente;M;Illeso;0;;Non accertato;Inesistente
1810948;18;05/09/2009 04:00;Strada Urbana;VIA DELLA MADONNA DEL RIPOSO;in corrispondenza;;del civico n. ;93;;Veicolo in marcia contro veicolo in sosta;Rettilineo;Una carreggiata a senso unico di marcia;Asciutto;Asfaltata;Orizzontale;Sereno;Normale;Buona;Sufficiente;0;0;0;1;;;-1;2;Autocarro inferiore 35 q.;In marcia / fermata / arresto;Conducente;M;Illeso;0;;Non accertato;Inesistente
1810949;18;05/09/2009 11:00;Strada Urbana;VIA AURELIA;in prossimità;;del civico n. ;567;;Veicolo in marcia contro veicolo in sosta;Rettilineo;Una carreggiata a doppio senso;Asciutto;Asfaltata;Verticale ed orizzontale;Sereno;Normale;Buona;Ore Diurne;1;0;0;1;;;-1;;;;Pedone;M;Rimandato;0;NON DECEDUTO;;
1810949;18;05/09/2009 11:00;Strada Urbana;VIA AURELIA;in prossimità;;del civico n. ;567;;Veicolo in marcia contro veicolo in sosta;Rettilineo;Una carreggiata a doppio senso;Asciutto;Asfaltata;Verticale ed orizzontale;Sereno;Normale;Buona;Ore Diurne;1;0;0;1;;;-1;1;Autovettura privata;In marcia / fermata / arresto;Conducente;F;Illeso;0;;Utilizzato;Inesploso
1810950;18;05/09/2009 12:00;Strada Urbana;VIA DI CASALOTTI;in corrispondenza;;del civico n. ;302;;Scontro frontale/laterale DX fra veicoli in marcia;Curva senza visuale libera;Una carreggiata a doppio senso;Asciutto;Asfaltata;Verticale ed orizzontale;Sereno;Scarso;Buona;Ore Diurne;1;0;0;1;;;-1;1;Autovettura privata;In marcia / fermata / arresto;Conducente;F;Illeso;0;;Non accertato;Inesistente
1810950;18;05/09/2009 12:00;Strada Urbana;VIA DI CASALOTTI;in corrispondenza;;del civico n. ;302;;Scontro frontale/laterale DX fra veicoli in marcia;Curva senza visuale libera;Una carreggiata a doppio senso;Asciutto;Asfaltata;Verticale ed orizzontale;Sereno;Scarso;Buona;Ore Diurne;1;0;0;1;;;-1;2;Motociclo a solo;In marcia / fermata / arresto;Conducente;M;Rimandato;0;NON DECEDUTO;Non accertato;Inesistente
1810951;18;05/09/2009 16:50;Strada Urbana;VIA MATTIA BATTISTINI;in corrispondenza;;del civico n. ;178/a;;Investimento di pedone;Rettilineo;Una carreggiata a doppio senso;Asciutto;Asfaltata;Verticale ed orizzontale;Sereno;Normale;Buona;Ore Diurne;1;0;0;1;;;-1;;;;Pedone;M;Rimandato;0;NON DECEDUTO;;
1810951;18;05/09/2009 16:50;Strada Urbana;VIA MATTIA BATTISTINI;in corrispondenza;;del civico n. ;178/a;;Investimento di pedone;Rettilineo;Una carreggiata a doppio senso;Asciutto;Asfaltata;Verticale ed orizzontale;Sereno;Normale;Buona;Ore Diurne;1;0;0;1;;;-1;1;Autovettura privata;In marcia / fermata / arresto;Conducente;M;Illeso;0;;Non accertato;Inesploso
1810952;18;06/09/2009 12:00;Strada Urbana;CIRCONVALLAZIONE CORNELIA;in prossimità;;del civico n. ;21;;Ribaltamento senza urto contro ostacolo fisso;Rettilineo;Due carreggiate;Asciutto;Asfaltata;Verticale ed orizzontale;Sereno;Intenso;Buona;Ore Diurne;1;0;0;1;;;-1;1;Motociclo a solo;In marcia / fermata / arresto;Conducente;M;Rimandato;0;NON DECEDUTO;Utilizzato;Inesistente
1810952;18;06/09/2009 12:00;Strada Urbana;CIRCONVALLAZIONE CORNELIA;in prossimità;;del civico n. ;21;;Ribaltamento senza urto contro ostacolo fisso;Rettilineo;Due carreggiate;Asciutto;Asfaltata;Verticale ed orizzontale;Sereno;Intenso;Buona;Ore Diurne;1;0;0;1;;;-1;2;Autovettura privata;In marcia / fermata / arresto;Conducente;F;Illeso;0;;Non accertato;Inesistente
1810953;18;06/09/2009 23:40;Strada Urbana;VIA DI BOCCEA;in prossimità;;del civico n. ;210;;Investimento di pedone;Rettilineo;Una carreggiata a doppio senso;Asciutto;Asfaltata;Verticale ed orizzontale;Sereno;Normale;Buona;Sufficiente;0;1;1;0;;;-1;;;;Pedone;M;Prognosi riservata;0;DECEDUTO ENTRO IL TERZO GIORNO;;
1810953;18;06/09/2009 23:40;Strada Urbana;VIA DI BOCCEA;in prossimità;;del civico n. ;210;;Investimento di pedone;Rettilineo;Una carreggiata a doppio senso;Asciutto;Asfaltata;Verticale ed orizzontale;Sereno;Normale;Buona;Sufficiente;0;1;1;0;;;-1;1;Autovettura privata;In marcia / fermata / arresto;Conducente;M;Illeso;0;;Non accertato;Inesploso
1810954;18;07/09/2009 08:05;Strada Urbana;VIA DELLA PINETA SACCHETTI;in corrispondenza;;del civico n. ;41;;Investimento di pedone;Rettilineo;Una carreggiata a doppio senso;Asciutto;Asfaltata;Verticale ed orizzontale;Sereno;Intenso;Buona;Ore Diurne;1;0;0;1;;;-1;;;;Pedone;F;Rimandato;0;NON DECEDUTO;;
1810954;18;07/09/2009 08:05;Strada Urbana;VIA DELLA PINETA SACCHETTI;in corrispondenza;;del civico n. ;41;;Investimento di pedone;Rettilineo;Una carreggiata a doppio senso;Asciutto;Asfaltata;Verticale ed orizzontale;Sereno;Intenso;Buona;Ore Diurne;1;0;0;1;;;-1;1;Motociclo a solo;In marcia / fermata / arresto;Conducente;M;Illeso;0;;Non accertato;Inesistente
1810955;19;05/09/2009 14:30;Strada Urbana;VIA DI S. MARIA DI GALERIA;in prossimità;;del civico n. ;552;;Scontro frontale fra veicoli in marcia;Rettilineo;Una carreggiata a doppio senso;Asciutto;Asfaltata;Assente;Sereno;Scarso;Buona;Ore Diurne;0;0;0;1;;;-1;1;Autovettura privata;In marcia / fermata / arresto;Conducente;M;Illeso;0;;Non accertato;Inesploso
1810956;19;05/09/2009 20:00;Strada Urbana;VIA UGO DE CAROLIS;all'intersezione con;VIA DELLA BALDUINA;VIA DELLA BALDUINA;;;Tamponamento;Incrocio;Una carreggiata a doppio senso;Asciutto;Asfaltata;Verticale ed orizzontale;Sereno;Scarso;Buona;Sufficiente;0;0;0;5;;;-1;1;Autovettura privata;In marcia / fermata / arresto;Conducente;F;Illeso;0;;Non accertato;Inesistente
1810956;19;05/09/2009 20:00;Strada Urbana;VIA UGO DE CAROLIS;all'intersezione con;VIA DELLA BALDUINA;VIA DELLA BALDUINA;;;Tamponamento;Incrocio;Una carreggiata a doppio senso;Asciutto;Asfaltata;Verticale ed orizzontale;Sereno;Scarso;Buona;Sufficiente;0;0;0;5;;;-1;1;Autovettura privata;In marcia / fermata / arresto;Passeggero;F;Illeso;0;;Non accertato;Inesploso
1810956;19;05/09/2009 20:00;Strada Urbana;VIA UGO DE CAROLIS;all'intersezione con;VIA DELLA BALDUINA;VIA DELLA BALDUINA;;;Tamponamento;Incrocio;Una carreggiata a doppio senso;Asciutto;Asfaltata;Verticale ed orizzontale;Sereno;Scarso;Buona;Sufficiente;0;0;0;5;;;-1;1;Autovettura privata;In marcia / fermata / arresto;Passeggero;F;Illeso;0;;Non accertato;Inesploso