Protocollo;Gruppo;DataOraIncidente;Localizzazione1;STRADA1;Localizzazione2;STRADA2;Strada02;Chilometrica;DaSpecificare;NaturaIncidente;particolaritastrade;TipoStrada;FondoStradale;Pavimentazione;Segnaletica;CondizioneAtmosferica;Traffico;Visibilita;Illuminazione;NUM_FERITI;NUM_RISERVATA;NUM_MORTI;NUM_ILLESI;Longitudine;Latitudine;Confermato;Progressivo;TipoVeicolo;StatoVeicolo;TipoPersona;Sesso;Tipolesione;Deceduto;DecedutoDopo;CinturaCascoUtilizzato;Airbag
1810956;19;05/09/2009 20:00;Strada Urbana;VIA UGO DE CAROLIS;all'intersezione con;VIA DELLA BALDUINA;VIA DELLA BALDUINA;;;Tamponamento;Incrocio;Una carreggiata a doppio senso;Asciutto;Asfaltata;Verticale ed orizzontale;Sereno;Scarso;Buona;Sufficiente;0;0;0;5;;;-1;2;Autovettura privata;In marcia / fermata / arresto;Conducente;M;Illeso;0;;Non accertato;Inesploso
1810956;19;05/09/2009 20:00;Strada Urbana;VIA UGO DE CAROLIS;all'intersezione con;VIA DELLA BALDUINA;VIA DELLA BALDUINA;;;Tamponamento;Incrocio;Una carreggiata a doppio senso;Asciutto;Asfaltata;Verticale ed orizzontale;Sereno;Scarso;Buona;Sufficiente;0;0;0;5;;;-1;3;Autovettura privata;In marcia / fermata / arresto;Conducente;M;Illeso;0;;Non accertato;Inesploso
1810957;19;06/09/2009 20:30;Strada Urbana;VIA SUOR MARIA AGOSTINA;all'intersezione con;VIA ANTONIO MAGLIO;VIA ANTONIO MAGLIO;;;Scontro frontale/laterale SX fra veicoli in marcia;Incrocio;Una carreggiata a doppio senso;Asciutto;Asfaltata;Verticale ed orizzontale;Sereno;Normale;Buona;Ore Diurne;0;0;0;3;;;-1;1;Autovettura privata;In marcia / fermata / arresto;Conducente;F;Illeso;0;;Non accertato;Esploso
1810957;19;06/09/2009 20:30;Strada Urbana;VIA SUOR MARIA AGOSTINA;all'intersezione con;VIA ANTONIO MAGLIO;VIA ANTONIO MAGLIO;;;Scontro frontale/laterale SX fra veicoli in marcia;Incrocio;Una carreggiata a doppio senso;Asciutto;Asfaltata;Verticale ed orizzontale;Sereno;Normale;Buona;Ore Diurne;0;0;0;3;;;-1;1;Autovettura privata;In marcia / fermata / arresto;Passeggero;M;Illeso;0;;Non accertato;Inesploso
1810957;19;06/09/2009 20:30;Strada Urbana;VIA SUOR MARIA AGOSTINA;all'intersezione con;VIA ANTONIO MAGLIO;VIA ANTONIO MAGLIO;;;Scontro frontale/laterale SX fra veicoli in marcia;Incrocio;Una carreggiata a doppio senso;Asciutto;Asfaltata;Verticale ed orizzontale;Sereno;Normale;Buona;Ore Diurne;0;0;0;3;;;-1;2;Autovettura privata;In marcia / fermata / arresto;Conducente;M;Illeso;0;;Non accertato;Inesploso
1810958;19;07/09/2009 09:50;Strada Urbana;VIA RIVOLI;in prossimità;;del civico n. ;44;;Scontro laterale fra veicoli in marcia;Curva a visuale libera;Una carreggiata a doppio senso;Asciutto;Asfaltata;Assente;Sereno;Scarso;Buona;Ore Diurne;0;0;0;4;;;-1;1;Autovettura privata;In marcia / fermata / arresto;Conducente;M;Illeso;0;;Non accertato;Inesistente
1810958;19;07/09/2009 09:50;Strada Urbana;VIA RIVOLI;in prossimità;;del civico n. ;44;;Scontro laterale fra veicoli in marcia;Curva a visuale libera;Una carreggiata a doppio senso;Asciutto;Asfaltata;Assente;Sereno;Scarso;Buona;Ore Diurne;0;0;0;4;;;-1;2;Autovettura privata;In marcia / fermata / arresto;Conducente;M;Illeso;0;;Non accertato;Inesistente
1810958;19;07/09/2009 09:50;Strada Urbana;VIA RIVOLI;in prossimità;;del civico n. ;44;;Scontro laterale fra veicoli in marcia;Curva a visuale libera;Una carreggiata a doppio senso;Asciutto;Asfaltata;Assente;Sereno;Scarso;Buona;Ore Diurne;0;0;0;4;;;-1;2;Autovettura privata;In marcia / fermata / arresto;Passeggero;M;Illeso;0;;Non accertato;Inesistente
1810958;19;07/09/2009 09:50;Strada Urbana;VIA RIVOLI;in prossimità;;del civico n. ;44;;Scontro laterale fra veicoli in marcia;Curva a visuale libera;Una carreggiata a doppio senso;Asciutto;Asfaltata;Assente;Sereno;Scarso;Buona;Ore Diurne;0;0;0;4;;;-1;2;Autovettura privata;In marcia / fermata / arresto;Passeggero;M;Illeso;0;;Non accertato;Inesistente
1810959;20;05/09/2009 09:15;Statale entro l'abitato;VIA CASSIA;all'intersezione semaforizzata con;VIA ORIOLO ROMANO;VIA ORIOLO ROMANO;;;Tamponamento;Intersezione semaforizzata;Una carreggiata a doppio senso;Asciutto;Asfaltata;Verticale ed orizzontale;Nuvoloso;Normale;Buona;Ore Diurne;0;0;0;2;;;-1;1;Autovettura privata;In marcia / fermata / arresto;Conducente;M;Illeso;0;;Non accertato;Inesploso
1810959;20;05/09/2009 09:15;Statale entro l'abitato;VIA CASSIA;all'intersezione semaforizzata con;VIA ORIOLO ROMANO;VIA ORIOLO ROMANO;;;Tamponamento;Intersezione semaforizzata;Una carreggiata a doppio senso;Asciutto;Asfaltata;Verticale ed orizzontale;Nuvoloso;Normale;Buona;Ore Diurne;0;0;0;2;;;-1;2;Autovettura privata;In marcia / fermata / arresto;Conducente;F;Illeso;0;;Non accertato;Inesploso
1810960;20;05/09/2009 10:50;Strada Urbana;VIA DI VIGNA STELLUTI;in corrispondenza;;del civico n. ;150;;Veicolo in marcia contro veicolo fermo;Rettilineo;Una carreggiata a doppio senso;Asciutto;Asfaltata;Orizzontale;Nuvoloso;Normale;Buona;Ore Diurne;0;0;0;4;;;-1;1;Autovettura privata;In marcia / fermata / arresto;Conducente;M;Illeso;0;;Non accertato;Inesploso
1810960;20;05/09/2009 10:50;Strada Urbana;VIA DI VIGNA STELLUTI;in corrispondenza;;del civico n. ;150;;Veicolo in marcia contro veicolo fermo;Rettilineo;Una carreggiata a doppio senso;Asciutto;Asfaltata;Orizzontale;Nuvoloso;Normale;Buona;Ore Diurne;0;0;0;4;;;-1;1;Autovettura privata;In marcia / fermata / arresto;Passeggero;F;Illeso;0;;Non accertato;Inesploso
1810960;20;05/09/2009 10:50;Strada Urbana;VIA DI VIGNA STELLUTI;in corrispondenza;;del civico n. ;150;;Veicolo in marcia contro veicolo fermo;Rettilineo;Una carreggiata a doppio senso;Asciutto;Asfaltata;Orizzontale;Nuvoloso;Normale;Buona;Ore Diurne;0;0;0;4;;;-1;1;Autovettura privata;In marcia / fermata / arresto;Passeggero;F;Illeso;0;;Non accertato;Inesploso
1810960;20;05/09/2009 10:50;Strada Urbana;VIA DI VIGNA STELLUTI;in corrispondenza;;del civico n. ;150;;Veicolo in marcia contro veicolo fermo;Rettilineo;Una carreggiata a doppio senso;Asciutto;Asfaltata;Orizzontale;Nuvoloso;Normale;Buona;Ore Diurne;0;0;0;4;;;-1;2;Autobus urbano;Allontanatosi;Conducente;M;Illeso;0;;Non accertato;Inesistente
1810961;20;06/09/2009 04:00;Strada Urbana;VIA VIBIO MARIANO;in prossimità;;del civico n. ;52;;Veicolo in marcia contro veicolo in sosta;Rettilineo;Una carreggiata a doppio senso;Asciutto;Asfaltata;Assente;Sereno;Scarso;Buona;Sufficiente;1;0;0;2;;;-1;1;Autovettura privata;Sosta;Passeggero;F;Illeso;0;;Non accertato;Inesploso
1810961;20;06/09/2009 04:00;Strada Urbana;VIA VIBIO MARIANO;in prossimità;;del civico n. ;52;;Veicolo in marcia contro veicolo in sosta;Rettilineo;Una carreggiata a doppio senso;Asciutto;Asfaltata;Assente;Sereno;Scarso;Buona;Sufficiente;1;0;0;2;;;-1;1;Autovettura privata;Sosta;Passeggero;F;Illeso;0;;Non accertato;Inesistente
1810961;20;06/09/2009 04:00;Strada Urbana;VIA VIBIO MARIANO;in prossimità;;del civico n. ;52;;Veicolo in marcia contro veicolo in sosta;Rettilineo;Una carreggiata a doppio senso;Asciutto;Asfaltata;Assente;Sereno;Scarso;Buona;Sufficiente;1;0;0;2;;;-1;2;Autovettura privata;In marcia / fermata / arresto;Conducente;M;Rimandato;0;NON DECEDUTO;Non accertato;Inesistente
1810962;20;06/09/2009 09:40;Statale entro l'abitato;VIA CASSIA;in prossimità;;del civico n. ;1404;;Scontro laterale fra veicoli in marcia;Rettilineo;Una carreggiata a doppio senso;Asciutto;Asfaltata;Verticale ed orizzontale;Sereno;Normale;Buona;Ore Diurne;1;0;0;1;;;-1;1;Autobus di linea;In marcia / fermata / arresto;Conducente;M;Illeso;0;;Non accertato;Inesploso
1810962;20;06/09/2009 09:40;Statale entro l'abitato;VIA CASSIA;in prossimità;;del civico n. ;1404;;Scontro laterale fra veicoli in marcia;Rettilineo;Una carreggiata a doppio senso;Asciutto;Asfaltata;Verticale ed orizzontale;Sereno;Normale;Buona;Ore Diurne;1;0;0;1;;;-1;2;Velocipede;In marcia / fermata / arresto;Conducente;F;Rimandato;0;NON DECEDUTO;Non accertato;Inesistente
1810963;20;06/09/2009 16:00;Comunale extraurbana;VIA DI PRATO CORAZZA;da specificare;;;;prossimità via R. Bombig;Fuoriuscita dalla sede stradale;Rettilineo;Una carreggiata a doppio senso;Asciutto;Asfaltata;Assente;Sereno;Scarso;Buona;Ore Diurne;0;0;0;3;;;-1;1;Autovettura privata;In marcia / fermata / arresto;Conducente;F;Illeso;0;;Non accertato;Inesploso
1810963;20;06/09/2009 16:00;Comunale extraurbana;VIA DI PRATO CORAZZA;da specificare;;;;prossimità via R. Bombig;Fuoriuscita dalla sede stradale;Rettilineo;Una carreggiata a doppio senso;Asciutto;Asfaltata;Assente;Sereno;Scarso;Buona;Ore Diurne;0;0;0;3;;;-1;1;Autovettura privata;In marcia / fermata / arresto;Passeggero;F;Illeso;0;;Non accertato;Inesploso
1810963;20;06/09/2009 16:00;Comunale extraurbana;VIA DI PRATO CORAZZA;da specificare;;;;prossimità via R. Bombig;Fuoriuscita dalla sede stradale;Rettilineo;Una carreggiata a doppio senso;Asciutto;Asfaltata;Assente;Sereno;Scarso;Buona;Ore Diurne;0;0;0;3;;;-1;1;Autovettura privata;In marcia / fermata / arresto;Passeggero;F;Illeso;0;;Non accertato;Inesploso
1810964;20;06/09/2009 18:20;Statale entro l'abitato;VIA CASSIA;in prossimità;;del civico n. ;1866;;Scontro frontale fra veicoli in marcia;Rettilineo;Una carreggiata a doppio senso;Asciutto;Asfaltata;Orizzontale;Sereno;Normale;Buona;Ore Diurne;1;0;0;1;;;-1;1;Motociclo a solo;In marcia / fermata / arresto;Conducente;M;Rimandato;0;NON DECEDUTO;Non accertato;Inesistente
1810964;20;06/09/2009 18:20;Statale entro l'abitato;VIA CASSIA;in prossimità;;del civico n. ;1866;;Scontro frontale fra veicoli in marcia;Rettilineo;Una carreggiata a doppio senso;Asciutto;Asfaltata;Orizzontale;Sereno;Normale;Buona;Ore Diurne;1;0;0;1;;;-1;2;Autovettura privata;Allontanatosi;Conducente;M;Illeso;0;;Non accertato;Inesistente
1810966;6;05/09/2009 17:15;Strada Urbana;VIA DINO PENAZZATO;in corrispondenza;;del civico n. ;85/c;;Veicolo in marcia contro veicolo in sosta;Rettilineo;Una carreggiata a doppio senso;Asciutto;Asfaltata;Orizzontale;Sereno;Scarso;Buona;Ore Diurne;0;0;0;1;;;-1;1;Autovettura privata;In marcia / fermata / arresto;Conducente;M;Illeso;0;;Non accertato;Inesistente
1810967;6;05/09/2009 19:45;Strada Urbana;VIA PRENESTINA;in prossimità;;del civico n. ;92;;Tamponamento;Rettilineo;Due carreggiate;Asciutto;Asfaltata;Assente;Sereno;Scarso;Sufficiente;Sufficiente;0;0;0;2;;;-1;1;Motociclo a solo;In marcia / fermata / arresto;Conducente;F;Illeso;0;;Non accertato;Inesistente
1810967;6;05/09/2009 19:45;Strada Urbana;VIA PRENESTINA;in prossimità;;del civico n. ;92;;Tamponamento;Rettilineo;Due carreggiate;Asciutto;Asfaltata;Assente;Sereno;Scarso;Sufficiente;Sufficiente;0;0;0;2;;;-1;2;Autovettura privata;In marcia / fermata / arresto;Conducente;M;Illeso;0;;Non accertato;Inesistente
1810968;6;05/09/2009 19:45;Strada Urbana;VIA GABRIO SERBELLONI;all'intersezione con;VIA CIRO DA URBINO;VIA CIRO DA URBINO;;;Scontro frontale/laterale DX fra veicoli in marcia;Incrocio;Una carreggiata a senso unico di marcia;Asciutto;Asfaltata;Verticale;Sereno;Scarso;Buona;Sufficiente;0;0;0;2;;;-1;1;Autovettura privata;In marcia / fermata / arresto;Conducente;M;Illeso;0;;Non accertato;Inesistente
1810968;6;05/09/2009 19:45;Strada Urbana;VIA GABRIO SERBELLONI;all'intersezione con;VIA CIRO DA URBINO;VIA CIRO DA URBINO;;;Scontro frontale/laterale DX fra veicoli in marcia;Incrocio;Una carreggiata a senso unico di marcia;Asciutto;Asfaltata;Verticale;Sereno;Scarso;Buona;Sufficiente;0;0;0;2;;;-1;2;Autovettura privata;In marcia / fermata / arresto;Conducente;M;Illeso;0;;Non accertato;Inesistente
1810969;6;05/09/2009 20:00;Strada Urbana;LARGO PRENESTE;all'intersezione con;VIA DI ACQUA BULLICANTE;VIA DI ACQUA BULLICANTE;;;Scontro frontale/laterale SX fra veicoli in marcia;Incrocio;Più di due carreggiate;Asciutto;Asfaltata;Verticale ed orizzontale;Sereno;Normale;Buona;Sufficiente;1;0;0;3;;;-1;1;Motociclo con passeggero;In marcia / fermata / arresto;Conducente;M;Rimandato;0;NON DECEDUTO;Utilizzato;Inesistente
1810969;6;05/09/2009 20:00;Strada Urbana;LARGO PRENESTE;all'intersezione con;VIA DI ACQUA BULLICANTE;VIA DI ACQUA BULLICANTE;;;Scontro frontale/laterale SX fra veicoli in marcia;Incrocio;Più di due carreggiate;Asciutto;Asfaltata;Verticale ed orizzontale;Sereno;Normale;Buona;Sufficiente;1;0;0;3;;;-1;1;Motociclo con passeggero;In marcia / fermata / arresto;Passeggero;F;Illeso;0;;Utilizzato;Inesistente
1810969;6;05/09/2009 20:00;Strada Urbana;LARGO PRENESTE;all'intersezione con;VIA DI ACQUA BULLICANTE;VIA DI ACQUA BULLICANTE;;;Scontro frontale/laterale SX fra veicoli in marcia;Incrocio;Più di due carreggiate;Asciutto;Asfaltata;Verticale ed orizzontale;Sereno;Normale;Buona;Sufficiente;1;0;0;3;;;-1;2;Autovettura privata;In marcia / fermata / arresto;Conducente;M;Illeso;0;;Non accertato;Inesploso
1810969;6;05/09/2009 20:00;Strada Urbana;LARGO PRENESTE;all'intersezione con;VIA DI ACQUA BULLICANTE;VIA DI ACQUA BULLICANTE;;;Scontro frontale/laterale SX fra veicoli in marcia;Incrocio;Più di due carreggiate;Asciutto;Asfaltata;Verticale ed orizzontale;Sereno;Normale;Buona;Sufficiente;1;0;0;3;;;-1;2;Autovettura privata;In marcia / fermata / arresto;Passeggero;F;Illeso;0;;Non accertato;Inesploso
1810970;6;06/09/2009 09:20;Strada Urbana;VIALE GIOVANNI BATTISTA VALENTE;all'intersezione con;VIA GIORGIO PERLASCA;VIA GIORGIO PERLASCA;;;Scontro frontale/laterale SX fra veicoli in marcia;Incrocio;Due carreggiate;Asciutto;Asfaltata;Orizzontale;Sereno;Scarso;Buona;Ore Diurne;0;0;0;2;;;-1;1;Autovettura privata;In marcia / fermata / arresto;Conducente;M;Illeso;0;;Non accertato;Inesistente
1810970;6;06/09/2009 09:20;Strada Urbana;VIALE GIOVANNI BATTISTA VALENTE;all'intersezione con;VIA GIORGIO PERLASCA;VIA GIORGIO PERLASCA;;;Scontro frontale/laterale SX fra veicoli in marcia;Incrocio;Due carreggiate;Asciutto;Asfaltata;Orizzontale;Sereno;Scarso;Buona;Ore Diurne;0;0;0;2;;;-1;2;Autovettura privata;In marcia / fermata / arresto;Conducente;M;Illeso;0;;Non accertato;Inesistente
1810971;6;06/09/2009 11:10;Strada Urbana;VIA PRENESTINA;in corrispondenza;;del civico n. ;357;;Veicolo in marcia contro veicolo fermo;Rettilineo;Una carreggiata a senso unico di marcia;Asciutto;Asfaltata;Verticale ed orizzontale;Sereno;Scarso;Buona;Ore Diurne;1;0;0;1;;;-1;1;Autovettura privata;In marcia / fermata / arresto;Conducente;M;Illeso;0;;Non accertato;Inesistente
1810971;6;06/09/2009 11:10;Strada Urbana;VIA PRENESTINA;in corrispondenza;;del civico n. ;357;;Veicolo in marcia contro veicolo fermo;Rettilineo;Una carreggiata a senso unico di marcia;Asciutto;Asfaltata;Verticale ed orizzontale;Sereno;Scarso;Buona;Ore Diurne;1;0;0;1;;;-1;2;Motociclo a solo;In marcia / fermata / arresto;Conducente;M;Rimandato;0;NON DECEDUTO;Utilizzato;Inesistente
1810972;6;06/09/2009 11:45;Strada Urbana;VIALE PARTENOPE;all'intersezione con;VIA MARCIANISE;VIA MARCIANISE;;;Scontro frontale/laterale DX fra veicoli in marcia;Intersezione stradale segnalata;Due carreggiate;Asciutto;Asfaltata;Verticale ed orizzontale;Sereno;Scarso;Buona;Ore Diurne;0;0;0;2;;;-1;1;Autovettura privata;In marcia / fermata / arresto;Conducente;M;Illeso;0;;Non accertato;Inesploso
1810972;6;06/09/2009 11:45;Strada Urbana;VIALE PARTENOPE;all'intersezione con;VIA MARCIANISE;VIA MARCIANISE;;;Scontro frontale/laterale DX fra veicoli in marcia;Intersezione stradale segnalata;Due carreggiate;Asciutto;Asfaltata;Verticale ed orizzontale;Sereno;Scarso;Buona;Ore Diurne;0;0;0;2;;;-1;2;Autovettura privata;In marcia / fermata / arresto;Conducente;M;Illeso;0;;Non accertato;Inesploso
1810973;7;04/09/2009 08:50;Strada Urbana;VIA DI S. GREGORIO;da specificare;;;;Altezza entrata palatino;Tamponamento;Rettilineo;Due carreggiate;Bagnato (pioggia);In cubetti di porfido;Assente;Pioggia in atto;Normale;Buona;Ore Diurne;1;0;0;1;;;-1;1;Autovettura privata;In marcia / fermata / arresto;Conducente;M;Illeso;0;;Non accertato;Inesistente
1810973;7;04/09/2009 08:50;Strada Urbana;VIA DI S. GREGORIO;da specificare;;;;Altezza entrata palatino;Tamponamento;Rettilineo;Due carreggiate;Bagnato (pioggia);In cubetti di porfido;Assente;Pioggia in atto;Normale;Buona;Ore Diurne;1;0;0;1;;;-1;2;Autovettura privata;In marcia / fermata / arresto;Conducente;F;Rimandato;0;NON DECEDUTO;Non accertato;Inesistente
1810974;7;04/09/2009 09:30;Strada Urbana;VIALE PALMIRO TOGLIATTI;in prossimità;;del civico n. ;824;;Scontro frontale/laterale SX fra veicoli in marcia;Rettilineo;Due carreggiate;Asciutto;Asfaltata;Verticale ed orizzontale;Nuvoloso;Normale;Buona;Ore Diurne;1;0;0;1;;;-1;1;Motociclo a solo;In marcia / fermata / arresto;Conducente;M;Rimandato;0;NON DECEDUTO;Non accertato;Inesistente
1810974;7;04/09/2009 09:30;Strada Urbana;VIALE PALMIRO TOGLIATTI;in prossimità;;del civico n. ;824;;Scontro frontale/laterale SX fra veicoli in marcia;Rettilineo;Due carreggiate;Asciutto;Asfaltata;Verticale ed orizzontale;Nuvoloso;Normale;Buona;Ore Diurne;1;0;0;1;;;-1;2;Autovettura privata;In marcia / fermata / arresto;Conducente;M;Illeso;0;;Non accertato;Inesistente
1810975;7;04/09/2009 10:50;Strada Urbana;VIA CASILINA;in prossimità;;del civico n. ;989;;Infortunio per caduta del veicolo;Curva senza visuale libera;Una carreggiata a senso unico di marcia;Asciutto;Asfaltata;Verticale ed orizzontale;Nuvoloso;Scarso;Buona;Ore Diurne;1;0;0;0;;;-1;1;Motociclo a solo;In marcia / fermata / arresto;Conducente;M;Rifiuta cure immediate;0;NON DECEDUTO;Non accertato;Inesistente
1810976;7;04/09/2009 11:15;Strada Urbana;VIA DELLE PALME;all'intersezione con;VIA DELLE BETULLE;VIA DELLE BETULLE;;;Scontro frontale/laterale SX fra veicoli in marcia;Incrocio;Una carreggiata a senso unico di marcia;Asciutto;Asfaltata;Verticale;Nuvoloso;Scarso;Buona;Ore Diurne;0;0;0;2;;;-1;1;Autovettura privata;In marcia / fermata / arresto;Conducente;M;Illeso;0;;Non accertato;Inesploso
1810976;7;04/09/2009 11:15;Strada Urbana;VIA DELLE PALME;all'intersezione con;VIA DELLE BETULLE;VIA DELLE BETULLE;;;Scontro frontale/laterale SX fra veicoli in marcia;Incrocio;Una carreggiata a senso unico di marcia;Asciutto;Asfaltata;Verticale;Nuvoloso;Scarso;Buona;Ore Diurne;0;0;0;2;;;-1;2;Autovettura privata;In marcia / fermata / arresto;Conducente;M;Illeso;0;;Non accertato;Inesploso
1810977;7;05/09/2009 01:50;Strada Urbana;VIA TOR DE' SCHIAVI;all'intersezione con;VIA GIOVANNI PASSERINI;VIA GIOVANNI PASSERINI;;;Scontro laterale fra veicoli in marcia;Intersezione stradale segnalata;Due carreggiate;Asciutto;Asfaltata;Assente;Sereno;Scarso;Buona;Sufficiente;4;0;0;2;;;-1;1;Autovettura privata;In marcia / fermata / arresto;Conducente;M;Rimandato;0;NON DECEDUTO;Non accertato;Inesploso
1810977;7;05/09/2009 01:50;Strada Urbana;VIA TOR DE' SCHIAVI;all'intersezione con;VIA GIOVANNI PASSERINI;VIA GIOVANNI PASSERINI;;;Scontro laterale fra veicoli in marcia;Intersezione stradale segnalata;Due carreggiate;Asciutto;Asfaltata;Assente;Sereno;Scarso;Buona;Sufficiente;4;0;0;2;;;-1;1;Autovettura privata;In marcia / fermata / arresto;Passeggero;M;Rimandato;0;NON DECEDUTO;Non accertato;Inesploso
1810977;7;05/09/2009 01:50;Strada Urbana;VIA TOR DE' SCHIAVI;all'intersezione con;VIA GIOVANNI PASSERINI;VIA GIOVANNI PASSERINI;;;Scontro laterale fra veicoli in marcia;Intersezione stradale segnalata;Due carreggiate;Asciutto;Asfaltata;Assente;Sereno;Scarso;Buona;Sufficiente;4;0;0;2;;;-1;1;Autovettura privata;In marcia / fermata / arresto;Passeggero;M;Rimandato;0;NON DECEDUTO;Non accertato;Inesploso
1810977;7;05/09/2009 01:50;Strada Urbana;VIA TOR DE' SCHIAVI;all'intersezione con;VIA GIOVANNI PASSERINI;VIA GIOVANNI PASSERINI;;;Scontro laterale fra veicoli in marcia;Intersezione stradale segnalata;Due carreggiate;Asciutto;Asfaltata;Assente;Sereno;Scarso;Buona;Sufficiente;4;0;0;2;;;-1;2;Autovettura privata;In marcia / fermata / arresto;Conducente;M;Illeso;0;;Non accertato;Inesploso
1810977;7;05/09/2009 01:50;Strada Urbana;VIA TOR DE' SCHIAVI;all'intersezione con;VIA GIOVANNI PASSERINI;VIA GIOVANNI PASSERINI;;;Scontro laterale fra veicoli in marcia;Intersezione stradale segnalata;Due carreggiate;Asciutto;Asfaltata;Assente;Sereno;Scarso;Buona;Sufficiente;4;0;0;2;;;-1;2;Autovettura privata;In marcia / fermata / arresto;Passeggero;M;Illeso;0;;Non accertato;Inesploso
1810978;8;05/09/2009 10:50;Strada Urbana;VIA OLIVERI;all'intersezione con;VIA BOMPIETRO;VIA BOMPIETRO;;;Scontro laterale fra veicoli in marcia;Incrocio;Una carreggiata a doppio senso;Asciutto;Asfaltata;Verticale ed orizzontale;Sereno;Scarso;Buona;Ore Diurne;0;0;0;2;;;-1;1;Autovettura privata;In marcia / fermata / arresto;Conducente;M;Illeso;0;;Non accertato;Inesploso
1810978;8;05/09/2009 10:50;Strada Urbana;VIA OLIVERI;all'intersezione con;VIA BOMPIETRO;VIA BOMPIETRO;;;Scontro laterale fra veicoli in marcia;Incrocio;Una carreggiata a doppio senso;Asciutto;Asfaltata;Verticale ed orizzontale;Sereno;Scarso;Buona;Ore Diurne;0;0;0;2;;;-1;2;Autovettura privata;In marcia / fermata / arresto;Conducente;M;Illeso;0;;Non accertato;Inesploso
1810979;8;05/09/2009 13:00;Strada Urbana;VIA ANTEO;in prossimità;;del civico n. ;38;;Veicolo in marcia contro veicolo fermo;Rettilineo;Una carreggiata a doppio senso;Asciutto;Asfaltata;Assente;Sereno;Scarso;Buona;Ore Diurne;0;0;0;1;;;-1;2;Autoarticolato;In marcia / fermata / arresto;Conducente;M;Illeso;0;;Non accertato;Inesistente
1810980;8;05/09/2009 13:00;Strada Urbana;VIA DI CARCARICOLA;da specificare;;;;altezza Via J. Magnolino;Infortunio per caduta del veicolo;Rettilineo;Una carreggiata a doppio senso;Asciutto;Asfaltata;Verticale ed orizzontale;Sereno;Scarso;Sufficiente;Ore Diurne;1;0;0;1;;;-1;1;Autobus urbano;In marcia / fermata / arresto;Conducente;M;Illeso;0;;Esente;Inesistente
1810980;8;05/09/2009 13:00;Strada Urbana;VIA DI CARCARICOLA;da specificare;;;;altezza Via J. Magnolino;Infortunio per caduta del veicolo;Rettilineo;Una carreggiata a doppio senso;Asciutto;Asfaltata;Verticale ed orizzontale;Sereno;Scarso;Sufficiente;Ore Diurne;1;0;0;1;;;-1;2;Motociclo a solo;In marcia / fermata / arresto;Conducente;M;Rifiuta cure immediate;0;NON DECEDUTO;Non accertato;Inesistente
1810981;8;05/09/2009 13:30;Strada Urbana;VIA DELLA RISERVA NUOVA;all'intersezione con;VIA DON PRIMO MAZZOLARI;VIA DON PRIMO MAZZOLARI;;;Scontro frontale/laterale SX fra veicoli in marcia;Incrocio;Una carreggiata a doppio senso;Asciutto;Asfaltata;Orizzontale;Sereno;Normale;Buona;Ore Diurne;2;0;0;1;;;-1;1;Autovettura privata;In marcia / fermata / arresto;Conducente;M;Illeso;0;;Non accertato;Inesistente
1810981;8;05/09/2009 13:30;Strada Urbana;VIA DELLA RISERVA NUOVA;all'intersezione con;VIA DON PRIMO MAZZOLARI;VIA DON PRIMO MAZZOLARI;;;Scontro frontale/laterale SX fra veicoli in marcia;Incrocio;Una carreggiata a doppio senso;Asciutto;Asfaltata;Orizzontale;Sereno;Normale;Buona;Ore Diurne;2;0;0;1;;;-1;1;Autovettura privata;In marcia / fermata / arresto;Passeggero;F;Rimandato;0;NON DECEDUTO;Non accertato;Inesistente
1810981;8;05/09/2009 13:30;Strada Urbana;VIA DELLA RISERVA NUOVA;all'intersezione con;VIA DON PRIMO MAZZOLARI;VIA DON PRIMO MAZZOLARI;;;Scontro frontale/laterale SX fra veicoli in marcia;Incrocio;Una carreggiata a doppio senso;Asciutto;Asfaltata;Orizzontale;Sereno;Normale;Buona;Ore Diurne;2;0;0;1;;;-1;2;Autovettura privata;In marcia / fermata / arresto;Conducente;F;Rifiuta cure immediate;0;NON DECEDUTO;Non accertato;Inesistente
1810982;8;05/09/2009 15:00;Strada Urbana;VIA CAMBRIDGE;da specificare;;;;in corrispondenza con facoltà ingegneria;Scontro frontale/laterale SX fra veicoli in marcia;Rettilineo;Una carreggiata a doppio senso;Asciutto;Asfaltata;Verticale ed orizzontale;Sereno;Scarso;Buona;Ore Diurne;2;0;0;0;;;-1;1;Autovettura privata;In marcia / fermata / arresto;Conducente;F;Rimandato;0;NON DECEDUTO;Non accertato;Inesploso
1810982;8;05/09/2009 15:00;Strada Urbana;VIA CAMBRIDGE;da specificare;;;;in corrispondenza con facoltà ingegneria;Scontro frontale/laterale SX fra veicoli in marcia;Rettilineo;Una carreggiata a doppio senso;Asciutto;Asfaltata;Verticale ed orizzontale;Sereno;Scarso;Buona;Ore Diurne;2;0;0;0;;;-1;2;Motociclo a solo;In marcia / fermata / arresto;Conducente;M;Rimandato;0;NON DECEDUTO;Non accertato;Inesistente
1810983;8;06/09/2009 01:40;Strada Urbana;VIALE PALMIRO TOGLIATTI;all'intersezione con;VIA DEI PIOPPI;VIA DEI PIOPPI;;;Veicolo in marcia contro ostacolo fisso;Incrocio;Due carreggiate;Asciutto;Asfaltata;Verticale;Sereno;Scarso;Sufficiente;Sufficiente;2;0;0;0;;;-1;1;Autovettura privata;In marcia / fermata / arresto;Conducente;F;Rimandato;0;NON DECEDUTO;Non accertato;Esploso