Protocollo;Gruppo;DataOraIncidente;Localizzazione1;STRADA1;Localizzazione2;STRADA2;Strada02;Chilometrica;DaSpecificare;NaturaIncidente;particolaritastrade;TipoStrada;FondoStradale;Pavimentazione;Segnaletica;CondizioneAtmosferica;Traffico;Visibilita;Illuminazione;NUM_FERITI;NUM_RISERVATA;NUM_MORTI;NUM_ILLESI;Longitudine;Latitudine;Confermato;Progressivo;TipoVeicolo;StatoVeicolo;TipoPersona;Sesso;Tipolesione;Deceduto;DecedutoDopo;CinturaCascoUtilizzato;Airbag
1811930;15;16/09/2009 20:40;Strada Urbana;VIA DELLA CASETTA MATTEI;all'intersezione con;LARGO DEI DELLA BITTA;LARGO DEI DELLA BITTA;;;Tamponamento;Intersezione stradale segnalata;Una carreggiata a doppio senso;Bagnato (pioggia);Sterrata;Orizzontale;Pioggia in atto;Normale;Sufficiente;Sufficiente;0;0;0;5;;;-1;1;Autovettura privata;In marcia / fermata / arresto;Passeggero;M;Illeso;0;;Utilizzato;Inesistente
1811930;15;16/09/2009 20:40;Strada Urbana;VIA DELLA CASETTA MATTEI;all'intersezione con;LARGO DEI DELLA BITTA;LARGO DEI DELLA BITTA;;;Tamponamento;Intersezione stradale segnalata;Una carreggiata a doppio senso;Bagnato (pioggia);Sterrata;Orizzontale;Pioggia in atto;Normale;Sufficiente;Sufficiente;0;0;0;5;;;-1;2;Autovettura privata;In marcia / fermata / arresto;Conducente;M;Illeso;0;;Utilizzato;Inesistente
1811930;15;16/09/2009 20:40;Strada Urbana;VIA DELLA CASETTA MATTEI;all'intersezione con;LARGO DEI DELLA BITTA;LARGO DEI DELLA BITTA;;;Tamponamento;Intersezione stradale segnalata;Una carreggiata a doppio senso;Bagnato (pioggia);Sterrata;Orizzontale;Pioggia in atto;Normale;Sufficiente;Sufficiente;0;0;0;5;;;-1;2;Autovettura privata;In marcia / fermata / arresto;Passeggero;M;Illeso;0;;Utilizzato;Inesistente
1811935;18;13/09/2009 11:35;Strada Urbana;VIA DI TORREVECCHIA;da specificare;;;;prossimità via Dolcedo;Tamponamento;Rettilineo;Una carreggiata a doppio senso;Bagnato (pioggia);Asfaltata;Orizzontale;Pioggia in atto;Normale;Sufficiente;Ore Diurne;4;0;0;3;;;-1;1;Autovettura privata;In marcia / fermata / arresto;Conducente;M;Illeso;0;;Non accertato;Inesistente
1811935;18;13/09/2009 11:35;Strada Urbana;VIA DI TORREVECCHIA;da specificare;;;;prossimità via Dolcedo;Tamponamento;Rettilineo;Una carreggiata a doppio senso;Bagnato (pioggia);Asfaltata;Orizzontale;Pioggia in atto;Normale;Sufficiente;Ore Diurne;4;0;0;3;;;-1;1;Autovettura privata;In marcia / fermata / arresto;Passeggero;M;Rimandato;0;NON DECEDUTO;Non accertato;Inesistente
1811935;18;13/09/2009 11:35;Strada Urbana;VIA DI TORREVECCHIA;da specificare;;;;prossimità via Dolcedo;Tamponamento;Rettilineo;Una carreggiata a doppio senso;Bagnato (pioggia);Asfaltata;Orizzontale;Pioggia in atto;Normale;Sufficiente;Ore Diurne;4;0;0;3;;;-1;1;Autovettura privata;In marcia / fermata / arresto;Passeggero;M;Rimandato;0;NON DECEDUTO;Non accertato;Inesistente
1811935;18;13/09/2009 11:35;Strada Urbana;VIA DI TORREVECCHIA;da specificare;;;;prossimità via Dolcedo;Tamponamento;Rettilineo;Una carreggiata a doppio senso;Bagnato (pioggia);Asfaltata;Orizzontale;Pioggia in atto;Normale;Sufficiente;Ore Diurne;4;0;0;3;;;-1;2;Autovettura privata;In marcia / fermata / arresto;Conducente;F;Illeso;0;;Non accertato;Inesploso
1811935;18;13/09/2009 11:35;Strada Urbana;VIA DI TORREVECCHIA;da specificare;;;;prossimità via Dolcedo;Tamponamento;Rettilineo;Una carreggiata a doppio senso;Bagnato (pioggia);Asfaltata;Orizzontale;Pioggia in atto;Normale;Sufficiente;Ore Diurne;4;0;0;3;;;-1;2;Autovettura privata;In marcia / fermata / arresto;Passeggero;F;Rimandato;0;NON DECEDUTO;Non accertato;Inesploso
1811935;18;13/09/2009 11:35;Strada Urbana;VIA DI TORREVECCHIA;da specificare;;;;prossimità via Dolcedo;Tamponamento;Rettilineo;Una carreggiata a doppio senso;Bagnato (pioggia);Asfaltata;Orizzontale;Pioggia in atto;Normale;Sufficiente;Ore Diurne;4;0;0;3;;;-1;2;Autovettura privata;In marcia / fermata / arresto;Passeggero;M;Rimandato;0;NON DECEDUTO;Non accertato;Inesploso
1811935;18;13/09/2009 11:35;Strada Urbana;VIA DI TORREVECCHIA;da specificare;;;;prossimità via Dolcedo;Tamponamento;Rettilineo;Una carreggiata a doppio senso;Bagnato (pioggia);Asfaltata;Orizzontale;Pioggia in atto;Normale;Sufficiente;Ore Diurne;4;0;0;3;;;-1;3;Autovettura privata;In marcia / fermata / arresto;Conducente;F;Illeso;0;;Non accertato;Inesploso
1811936;18;13/09/2009 12:10;Strada Urbana;VIA BALDO DEGLI UBALDI;in corrispondenza;;del civico n. ;196;;Ribaltamento senza urto contro ostacolo fisso;Rettilineo;Due carreggiate;Asciutto;Asfaltata;Verticale ed orizzontale;Nuvoloso;Normale;Buona;Ore Diurne;1;0;0;1;;;-1;1;Motociclo con passeggero;In marcia / fermata / arresto;Conducente;M;Rimandato;0;NON DECEDUTO;Non accertato;Inesistente
1811936;18;13/09/2009 12:10;Strada Urbana;VIA BALDO DEGLI UBALDI;in corrispondenza;;del civico n. ;196;;Ribaltamento senza urto contro ostacolo fisso;Rettilineo;Due carreggiate;Asciutto;Asfaltata;Verticale ed orizzontale;Nuvoloso;Normale;Buona;Ore Diurne;1;0;0;1;;;-1;2;Autovettura privata;In marcia / fermata / arresto;Conducente;F;Illeso;0;;Non accertato;Esploso
1811937;18;14/09/2009 07:15;Strada Urbana;VIA LEONE XIII;all'intersezione con;VIA PIO IV;VIA PIO IV;;;Scontro frontale/laterale SX fra veicoli in marcia;Intersezione stradale segnalata;Due carreggiate;Bagnato (pioggia);Asfaltata;Orizzontale;Nuvoloso;Intenso;Buona;Ore Diurne;1;0;0;1;;;-1;1;Autovettura privata;In marcia / fermata / arresto;Conducente;F;Illeso;0;;Utilizzato;Inesploso
1811937;18;14/09/2009 07:15;Strada Urbana;VIA LEONE XIII;all'intersezione con;VIA PIO IV;VIA PIO IV;;;Scontro frontale/laterale SX fra veicoli in marcia;Intersezione stradale segnalata;Due carreggiate;Bagnato (pioggia);Asfaltata;Orizzontale;Nuvoloso;Intenso;Buona;Ore Diurne;1;0;0;1;;;-1;2;Motociclo a solo;In marcia / fermata / arresto;Conducente;M;Rimandato;0;NON DECEDUTO;Non accertato;Inesistente
1811939;18;15/09/2009 08:00;Strada Urbana;VIA ANASTASIO II;all'intersezione semaforizzata con;PIAZZA PIO XI;PIAZZA PIO XI;;;Tamponamento;Intersezione semaforizzata;Più di due carreggiate;Bagnato (pioggia);Asfaltata;Verticale ed orizzontale;Nuvoloso;Normale;Buona;Ore Diurne;0;0;0;2;;;-1;1;Autovettura privata;In marcia / fermata / arresto;Conducente;M;Illeso;0;;Non accertato;Inesploso
1811939;18;15/09/2009 08:00;Strada Urbana;VIA ANASTASIO II;all'intersezione semaforizzata con;PIAZZA PIO XI;PIAZZA PIO XI;;;Tamponamento;Intersezione semaforizzata;Più di due carreggiate;Bagnato (pioggia);Asfaltata;Verticale ed orizzontale;Nuvoloso;Normale;Buona;Ore Diurne;0;0;0;2;;;-1;2;Ciclomotore;In marcia / fermata / arresto;Conducente;M;Illeso;0;;Utilizzato;Inesistente
1811940;18;15/09/2009 13:30;Strada Urbana;VIA DEL QUARTACCIO;in corrispondenza;;del civico n. ;15;;Investimento di pedone;Rettilineo;Una carreggiata a doppio senso;Asciutto;Asfaltata;Verticale ed orizzontale;Nuvoloso;Normale;Buona;Ore Diurne;0;0;0;1;;;-1;1;Motociclo a solo;In marcia / fermata / arresto;Conducente;M;Illeso;0;;Non accertato;Inesistente
1811941;18;16/09/2009 22:00;Strada Urbana;PIAZZA DEI GIURECONSULTI;all'intersezione semaforizzata con;CIRCONVALLAZIONE AURELIA;CIRCONVALLAZIONE AURELIA;;;Veicolo in marcia contro ostacolo fisso;Intersezione semaforizzata;Due carreggiate;Asciutto;Asfaltata;Verticale ed orizzontale;Nuvoloso;Scarso;Buona;Sufficiente;1;0;0;0;;;-1;;;;Pedone;M;Ricoverato;0;NON DECEDUTO;;
1811942;19;16/09/2009 21:00;Strada Urbana;VIA DI S. MARIA DI GALERIA;in prossimità;;del civico n. ;150;;Veicolo in marcia contro ostacolo fisso;Rettilineo;Una carreggiata a doppio senso;Bagnato (pioggia);Asfaltata;Orizzontale;Nuvoloso;Scarso;Insufficiente;Inesistente;0;0;0;1;;;-1;1;Autovettura privata;In marcia / fermata / arresto;Conducente;M;Illeso;0;;Non accertato;Inesploso
1811944;2;14/09/2009 19:45;Strada Urbana;VIA GUIDO RENI;in prossimità;;del civico n. ;24;;Scontro frontale fra veicoli in marcia;Rettilineo;Due carreggiate;Bagnato (pioggia);Asfaltata;Verticale ed orizzontale;Pioggia in atto;Scarso;Sufficiente;Sufficiente;0;0;0;5;;;-1;1;Autovettura di polizia;In marcia / fermata / arresto;Conducente;M;Illeso;0;;Non accertato;Inesploso
1811944;2;14/09/2009 19:45;Strada Urbana;VIA GUIDO RENI;in prossimità;;del civico n. ;24;;Scontro frontale fra veicoli in marcia;Rettilineo;Due carreggiate;Bagnato (pioggia);Asfaltata;Verticale ed orizzontale;Pioggia in atto;Scarso;Sufficiente;Sufficiente;0;0;0;5;;;-1;1;Autovettura di polizia;In marcia / fermata / arresto;Passeggero;M;Illeso;0;;Non accertato;Inesistente
1811944;2;14/09/2009 19:45;Strada Urbana;VIA GUIDO RENI;in prossimità;;del civico n. ;24;;Scontro frontale fra veicoli in marcia;Rettilineo;Due carreggiate;Bagnato (pioggia);Asfaltata;Verticale ed orizzontale;Pioggia in atto;Scarso;Sufficiente;Sufficiente;0;0;0;5;;;-1;2;Autovettura privata;In marcia / fermata / arresto;Conducente;M;Illeso;0;;Non accertato;Inesistente
1811944;2;14/09/2009 19:45;Strada Urbana;VIA GUIDO RENI;in prossimità;;del civico n. ;24;;Scontro frontale fra veicoli in marcia;Rettilineo;Due carreggiate;Bagnato (pioggia);Asfaltata;Verticale ed orizzontale;Pioggia in atto;Scarso;Sufficiente;Sufficiente;0;0;0;5;;;-1;2;Autovettura privata;In marcia / fermata / arresto;Passeggero;M;Illeso;0;;Non accertato;Inesistente
1811944;2;14/09/2009 19:45;Strada Urbana;VIA GUIDO RENI;in prossimità;;del civico n. ;24;;Scontro frontale fra veicoli in marcia;Rettilineo;Due carreggiate;Bagnato (pioggia);Asfaltata;Verticale ed orizzontale;Pioggia in atto;Scarso;Sufficiente;Sufficiente;0;0;0;5;;;-1;2;Autovettura privata;In marcia / fermata / arresto;Passeggero;M;Illeso;0;;Non accertato;Inesistente
1811945;2;15/09/2009 06:45;Strada Urbana;CORSO D'ITALIA;da specificare;;;;Frinte civico 6 direzione Piazza Fiume;Veicolo in marcia contro ostacolo fisso;Pendenza;Una carreggiata a senso unico di marcia;Bagnato (pioggia);Asfaltata;Verticale ed orizzontale;Pioggia in atto;Normale;Sufficiente;Sufficiente;0;0;0;1;;;-1;1;Autovettura privata;In marcia / fermata / arresto;Conducente;M;Illeso;0;;Non accertato;Inesistente
1811946;2;15/09/2009 07:20;Strada Urbana;CORSO D'ITALIA;da specificare;;;;Sottostante cavalcavia dir.P. Brasile V. Pinciana ;Veicolo in marcia contro ostacolo fisso;Pendenza;Una carreggiata a doppio senso;Bagnato (pioggia);Asfaltata;Verticale ed orizzontale;Pioggia in atto;Normale;Buona;Ore Diurne;0;1;0;0;;;-1;1;Autovettura privata;In marcia / fermata / arresto;Conducente;M;Prognosi riservata;0;NON DECEDUTO;Non accertato;Inesistente
1811947;2;15/09/2009 08:00;Strada Urbana;VIALE ETIOPIA;all'intersezione con;VIA ENDERTA';VIA ENDERTA';;;Scontro laterale fra veicoli in marcia;Incrocio;Due carreggiate;Bagnato (pioggia);Asfaltata;Verticale ed orizzontale;Pioggia in atto;Intenso;Buona;Ore Diurne;1;0;0;1;;;-1;1;Autovettura privata;In marcia / fermata / arresto;Conducente;F;Illeso;0;;Non accertato;Inesploso
1811947;2;15/09/2009 08:00;Strada Urbana;VIALE ETIOPIA;all'intersezione con;VIA ENDERTA';VIA ENDERTA';;;Scontro laterale fra veicoli in marcia;Incrocio;Due carreggiate;Bagnato (pioggia);Asfaltata;Verticale ed orizzontale;Pioggia in atto;Intenso;Buona;Ore Diurne;1;0;0;1;;;-1;2;Motociclo a solo;In marcia / fermata / arresto;Conducente;M;Rimandato;0;NON DECEDUTO;Non accertato;Inesistente
1811948;2;15/09/2009 15:45;Strada Urbana;VIA MANTOVA;all'intersezione con;VIA NIZZA;VIA NIZZA;;;Scontro frontale/laterale SX fra veicoli in marcia;Intersezione stradale segnalata;Una carreggiata a senso unico di marcia;Asciutto;Asfaltata;Verticale ed orizzontale;Nuvoloso;Normale;Sufficiente;Ore Diurne;1;0;0;1;;;-1;1;Autovettura privata;In marcia / fermata / arresto;Conducente;M;Rimandato;0;NON DECEDUTO;Non accertato;Inesistente
1811948;2;15/09/2009 15:45;Strada Urbana;VIA MANTOVA;all'intersezione con;VIA NIZZA;VIA NIZZA;;;Scontro frontale/laterale SX fra veicoli in marcia;Intersezione stradale segnalata;Una carreggiata a senso unico di marcia;Asciutto;Asfaltata;Verticale ed orizzontale;Nuvoloso;Normale;Sufficiente;Ore Diurne;1;0;0;1;;;-1;2;Autovettura privata;In marcia / fermata / arresto;Conducente;F;Illeso;0;;Non accertato;Inesploso
1811949;2;16/09/2009 07:50;Strada Urbana;VIALE DEL MURO TORTO;in prossimità;;del civico n. ;5;;Ribaltamento senza urto contro ostacolo fisso;Curva senza visuale libera;Due carreggiate;Bagnato (pioggia);Asfaltata;Orizzontale;Pioggia in atto;Normale;Sufficiente;Ore Diurne;1;0;0;0;;;-1;1;Motociclo a solo;In marcia / fermata / arresto;Conducente;M;Rimandato;0;NON DECEDUTO;Non accertato;Inesistente
1811950;20;12/09/2009 17:30;Provinciale;VIA BRACCIANENSE;in prossimità;;del civico n. ;755;;Tamponamento Multiplo;Rettilineo;Una carreggiata a doppio senso;Bagnato (pioggia);Asfaltata;Verticale ed orizzontale;Nuvoloso;Intenso;Buona;Ore Diurne;1;0;0;6;;;-1;1;Autovettura privata;In marcia / fermata / arresto;Passeggero;F;Illeso;0;;Non accertato;Inesploso
1811950;20;12/09/2009 17:30;Provinciale;VIA BRACCIANENSE;in prossimità;;del civico n. ;755;;Tamponamento Multiplo;Rettilineo;Una carreggiata a doppio senso;Bagnato (pioggia);Asfaltata;Verticale ed orizzontale;Nuvoloso;Intenso;Buona;Ore Diurne;1;0;0;6;;;-1;1;Autovettura privata;In marcia / fermata / arresto;Conducente;M;Illeso;0;;Non accertato;Inesploso
1811950;20;12/09/2009 17:30;Provinciale;VIA BRACCIANENSE;in prossimità;;del civico n. ;755;;Tamponamento Multiplo;Rettilineo;Una carreggiata a doppio senso;Bagnato (pioggia);Asfaltata;Verticale ed orizzontale;Nuvoloso;Intenso;Buona;Ore Diurne;1;0;0;6;;;-1;1;Autovettura privata;In marcia / fermata / arresto;Passeggero;F;Illeso;0;;Non accertato;Inesploso
1811950;20;12/09/2009 17:30;Provinciale;VIA BRACCIANENSE;in prossimità;;del civico n. ;755;;Tamponamento Multiplo;Rettilineo;Una carreggiata a doppio senso;Bagnato (pioggia);Asfaltata;Verticale ed orizzontale;Nuvoloso;Intenso;Buona;Ore Diurne;1;0;0;6;;;-1;2;Autovettura privata;In marcia / fermata / arresto;Conducente;M;Illeso;0;;Utilizzato;Inesploso
1811950;20;12/09/2009 17:30;Provinciale;VIA BRACCIANENSE;in prossimità;;del civico n. ;755;;Tamponamento Multiplo;Rettilineo;Una carreggiata a doppio senso;Bagnato (pioggia);Asfaltata;Verticale ed orizzontale;Nuvoloso;Intenso;Buona;Ore Diurne;1;0;0;6;;;-1;3;Autovettura privata;In marcia / fermata / arresto;Conducente;F;Rimandato;0;NON DECEDUTO;Utilizzato;Inesploso
1811950;20;12/09/2009 17:30;Provinciale;VIA BRACCIANENSE;in prossimità;;del civico n. ;755;;Tamponamento Multiplo;Rettilineo;Una carreggiata a doppio senso;Bagnato (pioggia);Asfaltata;Verticale ed orizzontale;Nuvoloso;Intenso;Buona;Ore Diurne;1;0;0;6;;;-1;3;Autovettura privata;In marcia / fermata / arresto;Passeggero;F;Illeso;0;;Utilizzato;Inesistente
1811950;20;12/09/2009 17:30;Provinciale;VIA BRACCIANENSE;in prossimità;;del civico n. ;755;;Tamponamento Multiplo;Rettilineo;Una carreggiata a doppio senso;Bagnato (pioggia);Asfaltata;Verticale ed orizzontale;Nuvoloso;Intenso;Buona;Ore Diurne;1;0;0;6;;;-1;4;Autovettura privata;In marcia / fermata / arresto;Conducente;M;Illeso;0;;Utilizzato;Inesploso
1811951;20;13/09/2009 12:00;Strada Urbana;VIA JONAS EDWARD SALK;in prossimità;;del palo luce n. ;87;;Veicolo in marcia contro ostacolo fisso;Rettilineo;Una carreggiata a doppio senso;Bagnato (pioggia);Asfaltata;Verticale ed orizzontale;Nuvoloso;Scarso;Buona;Ore Diurne;0;0;0;1;;;-1;1;Autovettura privata;In marcia / fermata / arresto;Conducente;F;Illeso;0;;Non accertato;Inesistente
1811952;20;13/09/2009 14:10;Strada Urbana;PIAZZALE DI PONTE MILVIO;da specificare;;;;corrispondenza fronte civico 43;Veicolo in marcia contro veicolo in sosta;Rettilineo;Una carreggiata a senso unico di marcia;Asciutto;Asfaltata;Verticale;Sereno;Scarso;Buona;Ore Diurne;0;0;0;3;;;-1;1;Autovettura privata;In marcia / fermata / arresto;Conducente;F;Illeso;0;;Non accertato;Inesistente
1811952;20;13/09/2009 14:10;Strada Urbana;PIAZZALE DI PONTE MILVIO;da specificare;;;;corrispondenza fronte civico 43;Veicolo in marcia contro veicolo in sosta;Rettilineo;Una carreggiata a senso unico di marcia;Asciutto;Asfaltata;Verticale;Sereno;Scarso;Buona;Ore Diurne;0;0;0;3;;;-1;1;Autovettura privata;In marcia / fermata / arresto;Passeggero;M;Illeso;0;;Utilizzato;Inesistente
1811952;20;13/09/2009 14:10;Strada Urbana;PIAZZALE DI PONTE MILVIO;da specificare;;;;corrispondenza fronte civico 43;Veicolo in marcia contro veicolo in sosta;Rettilineo;Una carreggiata a senso unico di marcia;Asciutto;Asfaltata;Verticale;Sereno;Scarso;Buona;Ore Diurne;0;0;0;3;;;-1;2;Autovettura privata;In marcia / fermata / arresto;Conducente;M;Illeso;0;;Non accertato;Inesistente
1811953;20;13/09/2009 14:30;Strada Urbana;VIA CASSIA;all'intersezione con;VIA DELL'ISOLA FARNESE;VIA DELL'ISOLA FARNESE;;;Scontro frontale/laterale DX fra veicoli in marcia;Intersezione stradale segnalata;Una carreggiata a doppio senso;Bagnato (umidità in atto);Asfaltata;Verticale ed orizzontale;Nuvoloso;Scarso;Buona;Ore Diurne;1;0;0;3;;;-1;1;Autovettura privata;In marcia / fermata / arresto;Conducente;M;Illeso;0;;Non accertato;Inesistente
1811953;20;13/09/2009 14:30;Strada Urbana;VIA CASSIA;all'intersezione con;VIA DELL'ISOLA FARNESE;VIA DELL'ISOLA FARNESE;;;Scontro frontale/laterale DX fra veicoli in marcia;Intersezione stradale segnalata;Una carreggiata a doppio senso;Bagnato (umidità in atto);Asfaltata;Verticale ed orizzontale;Nuvoloso;Scarso;Buona;Ore Diurne;1;0;0;3;;;-1;1;Autovettura privata;In marcia / fermata / arresto;Passeggero;F;Illeso;0;;Non accertato;Inesistente
1811953;20;13/09/2009 14:30;Strada Urbana;VIA CASSIA;all'intersezione con;VIA DELL'ISOLA FARNESE;VIA DELL'ISOLA FARNESE;;;Scontro frontale/laterale DX fra veicoli in marcia;Intersezione stradale segnalata;Una carreggiata a doppio senso;Bagnato (umidità in atto);Asfaltata;Verticale ed orizzontale;Nuvoloso;Scarso;Buona;Ore Diurne;1;0;0;3;;;-1;1;Autovettura privata;In marcia / fermata / arresto;Passeggero;F;Illeso;0;;Non accertato;Inesistente
1811953;20;13/09/2009 14:30;Strada Urbana;VIA CASSIA;all'intersezione con;VIA DELL'ISOLA FARNESE;VIA DELL'ISOLA FARNESE;;;Scontro frontale/laterale DX fra veicoli in marcia;Intersezione stradale segnalata;Una carreggiata a doppio senso;Bagnato (umidità in atto);Asfaltata;Verticale ed orizzontale;Nuvoloso;Scarso;Buona;Ore Diurne;1;0;0;3;;;-1;2;Autovettura privata;In marcia / fermata / arresto;Conducente;M;Rimandato;0;NON DECEDUTO;Non accertato;Inesistente
1811954;20;13/09/2009 15:15;Statale;VIA CASSIA;in prossimità;;del civico n. ;1418;;Tamponamento;Rettilineo;Una carreggiata a doppio senso;Asciutto;Asfaltata;Orizzontale;Nuvoloso;Normale;Buona;Ore Diurne;0;0;0;2;;;-1;1;Autovettura privata;In marcia / fermata / arresto;Conducente;M;Illeso;0;;Non accertato;Inesistente
1811954;20;13/09/2009 15:15;Statale;VIA CASSIA;in prossimità;;del civico n. ;1418;;Tamponamento;Rettilineo;Una carreggiata a doppio senso;Asciutto;Asfaltata;Orizzontale;Nuvoloso;Normale;Buona;Ore Diurne;0;0;0;2;;;-1;2;Motociclo a solo;In marcia / fermata / arresto;Conducente;F;Illeso;0;;Non accertato;Inesistente
1811955;20;13/09/2009 17:10;Strada Urbana;CORSO DI FRANCIA;in prossimità;;del civico n. ;247;;Tamponamento;Rettilineo;Due carreggiate;Bagnato (pioggia);Asfaltata;Orizzontale;Nuvoloso;Normale;Buona;Ore Diurne;1;0;0;4;;;-1;1;Autovettura privata;In marcia / fermata / arresto;Conducente;M;Illeso;0;;Non accertato;Inesistente
1811955;20;13/09/2009 17:10;Strada Urbana;CORSO DI FRANCIA;in prossimità;;del civico n. ;247;;Tamponamento;Rettilineo;Due carreggiate;Bagnato (pioggia);Asfaltata;Orizzontale;Nuvoloso;Normale;Buona;Ore Diurne;1;0;0;4;;;-1;1;Autovettura privata;In marcia / fermata / arresto;Passeggero;F;Rimandato;0;NON DECEDUTO;Non accertato;Inesploso
1811955;20;13/09/2009 17:10;Strada Urbana;CORSO DI FRANCIA;in prossimità;;del civico n. ;247;;Tamponamento;Rettilineo;Due carreggiate;Bagnato (pioggia);Asfaltata;Orizzontale;Nuvoloso;Normale;Buona;Ore Diurne;1;0;0;4;;;-1;2;Autovettura privata;In marcia / fermata / arresto;Conducente;M;Illeso;0;;Utilizzato;Inesistente
1811955;20;13/09/2009 17:10;Strada Urbana;CORSO DI FRANCIA;in prossimità;;del civico n. ;247;;Tamponamento;Rettilineo;Due carreggiate;Bagnato (pioggia);Asfaltata;Orizzontale;Nuvoloso;Normale;Buona;Ore Diurne;1;0;0;4;;;-1;2;Autovettura privata;In marcia / fermata / arresto;Passeggero;F;Illeso;0;;Non accertato;Inesistente
1811955;20;13/09/2009 17:10;Strada Urbana;CORSO DI FRANCIA;in prossimità;;del civico n. ;247;;Tamponamento;Rettilineo;Due carreggiate;Bagnato (pioggia);Asfaltata;Orizzontale;Nuvoloso;Normale;Buona;Ore Diurne;1;0;0;4;;;-1;2;Autovettura privata;In marcia / fermata / arresto;Passeggero;M;Illeso;0;;Non accertato;Inesistente
1811956;20;13/09/2009 21:50;Strada Urbana;VIA DELLA STAZIONE DI CESANO;all'intersezione con;VIA DI BACCANELLO;VIA DI BACCANELLO;;;Tamponamento;Intersezione stradale segnalata;Una carreggiata a doppio senso;Bagnato (umidità in atto);Asfaltata;Verticale ed orizzontale;Nuvoloso;Scarso;Buona;Sufficiente;3;0;0;2;;;-1;1;Autovettura privata;In marcia / fermata / arresto;Conducente;M;Rifiuta cure immediate;0;NON DECEDUTO;Non accertato;Inesploso
1811956;20;13/09/2009 21:50;Strada Urbana;VIA DELLA STAZIONE DI CESANO;all'intersezione con;VIA DI BACCANELLO;VIA DI BACCANELLO;;;Tamponamento;Intersezione stradale segnalata;Una carreggiata a doppio senso;Bagnato (umidità in atto);Asfaltata;Verticale ed orizzontale;Nuvoloso;Scarso;Buona;Sufficiente;3;0;0;2;;;-1;2;Autovettura privata;In marcia / fermata / arresto;Conducente;M;Illeso;0;;Non accertato;Inesploso
1811956;20;13/09/2009 21:50;Strada Urbana;VIA DELLA STAZIONE DI CESANO;all'intersezione con;VIA DI BACCANELLO;VIA DI BACCANELLO;;;Tamponamento;Intersezione stradale segnalata;Una carreggiata a doppio senso;Bagnato (umidità in atto);Asfaltata;Verticale ed orizzontale;Nuvoloso;Scarso;Buona;Sufficiente;3;0;0;2;;;-1;2;Autovettura privata;In marcia / fermata / arresto;Passeggero;M;Rimandato;0;NON DECEDUTO;Non accertato;Inesistente
1811956;20;13/09/2009 21:50;Strada Urbana;VIA DELLA STAZIONE DI CESANO;all'intersezione con;VIA DI BACCANELLO;VIA DI BACCANELLO;;;Tamponamento;Intersezione stradale segnalata;Una carreggiata a doppio senso;Bagnato (umidità in atto);Asfaltata;Verticale ed orizzontale;Nuvoloso;Scarso;Buona;Sufficiente;3;0;0;2;;;-1;2;Autovettura privata;In marcia / fermata / arresto;Passeggero;M;Rimandato;0;NON DECEDUTO;Non accertato;Inesistente
1811956;20;13/09/2009 21:50;Strada Urbana;VIA DELLA STAZIONE DI CESANO;all'intersezione con;VIA DI BACCANELLO;VIA DI BACCANELLO;;;Tamponamento;Intersezione stradale segnalata;Una carreggiata a doppio senso;Bagnato (umidità in atto);Asfaltata;Verticale ed orizzontale;Nuvoloso;Scarso;Buona;Sufficiente;3;0;0;2;;;-1;2;Autovettura privata;In marcia / fermata / arresto;Passeggero;M;Illeso;0;;Non accertato;Inesploso
1811957;20;14/09/2009 06:05;Statale entro l'abitato;VIA CASSIA;in corrispondenza;;del civico n. ;1729;;Investimento di pedone;Rettilineo;Una carreggiata a doppio senso;Asciutto;Asfaltata;Verticale ed orizzontale;Nuvoloso;Normale;Buona;Sufficiente;1;0;0;1;;;-1;;;;Pedone;M;Ricoverato;0;NON DECEDUTO;;
1811957;20;14/09/2009 06:05;Statale entro l'abitato;VIA CASSIA;in corrispondenza;;del civico n. ;1729;;Investimento di pedone;Rettilineo;Una carreggiata a doppio senso;Asciutto;Asfaltata;Verticale ed orizzontale;Nuvoloso;Normale;Buona;Sufficiente;1;0;0;1;;;-1;1;Autovettura privata;In marcia / fermata / arresto;Conducente;F;Illeso;0;;Utilizzato;Inesistente
1811958;20;14/09/2009 07:10;Strada Urbana;VIA CASSIA;all'intersezione con;VIA VOLUSIA;VIA VOLUSIA;;;Scontro laterale fra veicoli in marcia;Intersezione non regolata/non segnalata;Una carreggiata a doppio senso;Asciutto;Asfaltata;Verticale ed orizzontale;Nuvoloso;Intenso;Buona;Ore Diurne;1;0;0;1;;;-1;1;Motociclo a solo;In marcia / fermata / arresto;Conducente;M;Rimandato;0;NON DECEDUTO;Non accertato;Inesistente
1811958;20;14/09/2009 07:10;Strada Urbana;VIA CASSIA;all'intersezione con;VIA VOLUSIA;VIA VOLUSIA;;;Scontro laterale fra veicoli in marcia;Intersezione non regolata/non segnalata;Una carreggiata a doppio senso;Asciutto;Asfaltata;Verticale ed orizzontale;Nuvoloso;Intenso;Buona;Ore Diurne;1;0;0;1;;;-1;2;Autocarro inferiore 35 q.;In marcia / fermata / arresto;Conducente;F;Illeso;0;;Non accertato;Inesistente