Protocollo;Gruppo;DataOraIncidente;Localizzazione1;STRADA1;Localizzazione2;STRADA2;Strada02;Chilometrica;DaSpecificare;NaturaIncidente;particolaritastrade;TipoStrada;FondoStradale;Pavimentazione;Segnaletica;CondizioneAtmosferica;Traffico;Visibilita;Illuminazione;NUM_FERITI;NUM_RISERVATA;NUM_MORTI;NUM_ILLESI;Longitudine;Latitudine;Confermato;Progressivo;TipoVeicolo;StatoVeicolo;TipoPersona;Sesso;Tipolesione;Deceduto;DecedutoDopo;CinturaCascoUtilizzato;Airbag
1812334;18;18/09/2009 18:10;Strada Urbana;CIRCONVALLAZIONE CORNELIA;da specificare;;;;altezza via pagano;Tamponamento;Rettilineo;Una carreggiata a doppio senso;Asciutto;Asfaltata;Verticale ed orizzontale;Sereno;Normale;Buona;Ore Diurne;0;0;0;3;;;-1;1;Autovettura privata;In marcia / fermata / arresto;Conducente;F;Illeso;0;;Non accertato;Inesploso
1812334;18;18/09/2009 18:10;Strada Urbana;CIRCONVALLAZIONE CORNELIA;da specificare;;;;altezza via pagano;Tamponamento;Rettilineo;Una carreggiata a doppio senso;Asciutto;Asfaltata;Verticale ed orizzontale;Sereno;Normale;Buona;Ore Diurne;0;0;0;3;;;-1;2;Autovettura privata;In marcia / fermata / arresto;Conducente;M;Illeso;0;;Non accertato;Inesploso
1812334;18;18/09/2009 18:10;Strada Urbana;CIRCONVALLAZIONE CORNELIA;da specificare;;;;altezza via pagano;Tamponamento;Rettilineo;Una carreggiata a doppio senso;Asciutto;Asfaltata;Verticale ed orizzontale;Sereno;Normale;Buona;Ore Diurne;0;0;0;3;;;-1;2;Autovettura privata;In marcia / fermata / arresto;Passeggero;F;Illeso;0;;Non accertato;Inesploso
1812335;18;19/09/2009 06:35;Strada Urbana;VIA GREGORIO VII;in corrispondenza;;del civico n. ;194;;Veicolo in marcia contro ostacolo fisso;Curva a visuale libera;Più di due carreggiate;Asciutto;Asfaltata;Verticale ed orizzontale;Sereno;Scarso;Buona;Ore Diurne;0;0;0;1;;;-1;1;Autovettura privata;In marcia / fermata / arresto;Conducente;M;Illeso;0;;Utilizzato;Inesploso
1812336;18;19/09/2009 08:30;Strada Urbana;VIA SUOR MARIA AGOSTINA;all'intersezione con;VIA ANTONIO MAGLIO;VIA ANTONIO MAGLIO;;;Scontro frontale/laterale SX fra veicoli in marcia;Intersezione stradale segnalata;Una carreggiata a doppio senso;Asciutto;Asfaltata;Verticale ed orizzontale;Nuvoloso;Normale;Buona;Ore Diurne;0;0;0;3;;;-1;1;Autovettura privata;In marcia / fermata / arresto;Conducente;M;Illeso;0;;Non accertato;Inesistente
1812336;18;19/09/2009 08:30;Strada Urbana;VIA SUOR MARIA AGOSTINA;all'intersezione con;VIA ANTONIO MAGLIO;VIA ANTONIO MAGLIO;;;Scontro frontale/laterale SX fra veicoli in marcia;Intersezione stradale segnalata;Una carreggiata a doppio senso;Asciutto;Asfaltata;Verticale ed orizzontale;Nuvoloso;Normale;Buona;Ore Diurne;0;0;0;3;;;-1;1;Autovettura privata;In marcia / fermata / arresto;Passeggero;F;Illeso;0;;Non accertato;Inesistente
1812336;18;19/09/2009 08:30;Strada Urbana;VIA SUOR MARIA AGOSTINA;all'intersezione con;VIA ANTONIO MAGLIO;VIA ANTONIO MAGLIO;;;Scontro frontale/laterale SX fra veicoli in marcia;Intersezione stradale segnalata;Una carreggiata a doppio senso;Asciutto;Asfaltata;Verticale ed orizzontale;Nuvoloso;Normale;Buona;Ore Diurne;0;0;0;3;;;-1;2;Motociclo a solo;In marcia / fermata / arresto;Conducente;M;Illeso;0;;Non accertato;Inesistente
1812337;18;19/09/2009 17:20;Strada Urbana;VIA DELLA MAGLIANELLA;in corrispondenza;;del civico n. ;332;;Scontro laterale fra veicoli in marcia;Rettilineo;Una carreggiata a senso unico di marcia;Asciutto;Asfaltata;Orizzontale;Sereno;Normale;Buona;Ore Diurne;2;0;0;1;;;-1;1;Autovettura privata;In marcia / fermata / arresto;Conducente;F;Illeso;0;;Non accertato;Inesploso
1812337;18;19/09/2009 17:20;Strada Urbana;VIA DELLA MAGLIANELLA;in corrispondenza;;del civico n. ;332;;Scontro laterale fra veicoli in marcia;Rettilineo;Una carreggiata a senso unico di marcia;Asciutto;Asfaltata;Orizzontale;Sereno;Normale;Buona;Ore Diurne;2;0;0;1;;;-1;2;Motociclo con passeggero;In marcia / fermata / arresto;Conducente;M;Rifiuta cure immediate;0;NON DECEDUTO;Utilizzato;Inesistente
1812337;18;19/09/2009 17:20;Strada Urbana;VIA DELLA MAGLIANELLA;in corrispondenza;;del civico n. ;332;;Scontro laterale fra veicoli in marcia;Rettilineo;Una carreggiata a senso unico di marcia;Asciutto;Asfaltata;Orizzontale;Sereno;Normale;Buona;Ore Diurne;2;0;0;1;;;-1;2;Motociclo con passeggero;In marcia / fermata / arresto;Passeggero;F;Rimandato;0;NON DECEDUTO;Non accertato;Inesistente
1812338;18;19/09/2009 17:30;Strada Urbana;VIA COSIMO TORNABUONI;in prossimità;;del civico n. ;10;;Veicolo in marcia contro veicoli in sosta;Curva senza visuale libera;Una carreggiata a senso unico di marcia;Asciutto;Asfaltata;Assente;Nuvoloso;Normale;Buona;Ore Diurne;0;0;0;1;;;-1;1;Autovettura privata;In marcia / fermata / arresto;Conducente;M;Illeso;0;;Non accertato;Inesploso
1812339;18;19/09/2009 22:15;Statale entro l'abitato;VIA AURELIA;da specificare;;;;pross.tà int.ne Via dei Faggella;Veicolo in marcia contro ostacolo accidentale;Rettilineo;Due carreggiate;Asciutto;Asfaltata;Verticale ed orizzontale;Nuvoloso;Normale;Sufficiente;Sufficiente;1;0;0;0;;;-1;1;Motociclo a solo;In marcia / fermata / arresto;Conducente;M;Rimandato;0;NON DECEDUTO;Utilizzato;Inesistente
1812340;19;20/09/2009 11:10;Strada Urbana;VIA SEBASTIANO VINCI;da specificare;;;;area parcheggio parallela Via S. Vinci;Scontro frontale/laterale DX fra veicoli in marcia;Rettilineo;Una carreggiata a doppio senso;Asciutto;Inghiaiata;Assente;Nuvoloso;Normale;Buona;Ore Diurne;0;0;0;3;;;-1;1;Autovettura privata;Sosta;Passeggero;M;Illeso;0;;Non accertato;Inesploso
1812340;19;20/09/2009 11:10;Strada Urbana;VIA SEBASTIANO VINCI;da specificare;;;;area parcheggio parallela Via S. Vinci;Scontro frontale/laterale DX fra veicoli in marcia;Rettilineo;Una carreggiata a doppio senso;Asciutto;Inghiaiata;Assente;Nuvoloso;Normale;Buona;Ore Diurne;0;0;0;3;;;-1;1;Autovettura privata;Sosta;Passeggero;M;Illeso;0;;Non accertato;Inesploso
1812340;19;20/09/2009 11:10;Strada Urbana;VIA SEBASTIANO VINCI;da specificare;;;;area parcheggio parallela Via S. Vinci;Scontro frontale/laterale DX fra veicoli in marcia;Rettilineo;Una carreggiata a doppio senso;Asciutto;Inghiaiata;Assente;Nuvoloso;Normale;Buona;Ore Diurne;0;0;0;3;;;-1;2;Autovettura privata;In marcia / fermata / arresto;Conducente;M;Illeso;0;;Non accertato;Inesploso
1812341;20;20/09/2009 09:00;Strada Urbana;VIA DEL FORO ITALICO;da specificare;;;;dir Salaria 200  mt dopo rampa A San Giuliano;Tamponamento;Rettilineo;Due carreggiate;Asciutto;Asfaltata;Verticale ed orizzontale;Sereno;Scarso;Buona;Ore Diurne;0;0;0;2;;;-1;1;Autovettura privata;In marcia / fermata / arresto;Conducente;F;Illeso;0;;Utilizzato;Inesploso
1812341;20;20/09/2009 09:00;Strada Urbana;VIA DEL FORO ITALICO;da specificare;;;;dir Salaria 200  mt dopo rampa A San Giuliano;Tamponamento;Rettilineo;Due carreggiate;Asciutto;Asfaltata;Verticale ed orizzontale;Sereno;Scarso;Buona;Ore Diurne;0;0;0;2;;;-1;2;Autovettura privata;In marcia / fermata / arresto;Conducente;F;Illeso;0;;Utilizzato;Inesploso
1812342;20;17/09/2009 11:30;Altra strada;VIA VALLINFREDA;in prossimità;;del civico n. ;30;;Veicolo in marcia contro veicolo in sosta;Rettilineo;Una carreggiata a doppio senso;Asciutto;Asfaltata;Verticale;Sereno;Scarso;Buona;Ore Diurne;0;0;0;1;;;-1;1;Autovettura privata;In marcia / fermata / arresto;Conducente;M;Illeso;0;;Non utilizzato;Inesistente
1812343;20;17/09/2009 18:00;Statale entro l'abitato;VIA CASSIA;all'intersezione con;VIA GIUSEPPE BELARDINELLI;VIA GIUSEPPE BELARDINELLI;;;Scontro frontale/laterale DX fra veicoli in marcia;Intersezione stradale segnalata;Una carreggiata a doppio senso;Asciutto;Asfaltata;Verticale ed orizzontale;Sereno;Intenso;Buona;Ore Diurne;0;0;0;3;;;-1;1;Autovettura privata;In marcia / fermata / arresto;Conducente;M;Illeso;0;;Non accertato;Inesistente
1812343;20;17/09/2009 18:00;Statale entro l'abitato;VIA CASSIA;all'intersezione con;VIA GIUSEPPE BELARDINELLI;VIA GIUSEPPE BELARDINELLI;;;Scontro frontale/laterale DX fra veicoli in marcia;Intersezione stradale segnalata;Una carreggiata a doppio senso;Asciutto;Asfaltata;Verticale ed orizzontale;Sereno;Intenso;Buona;Ore Diurne;0;0;0;3;;;-1;2;Autovettura privata;In marcia / fermata / arresto;Conducente;F;Illeso;0;;Non accertato;Inesistente
1812343;20;17/09/2009 18:00;Statale entro l'abitato;VIA CASSIA;all'intersezione con;VIA GIUSEPPE BELARDINELLI;VIA GIUSEPPE BELARDINELLI;;;Scontro frontale/laterale DX fra veicoli in marcia;Intersezione stradale segnalata;Una carreggiata a doppio senso;Asciutto;Asfaltata;Verticale ed orizzontale;Sereno;Intenso;Buona;Ore Diurne;0;0;0;3;;;-1;2;Autovettura privata;In marcia / fermata / arresto;Passeggero;M;Illeso;0;;Non accertato;Inesistente
1812344;20;17/09/2009 20:00;Statale;VIA BRACCIANENSE;in prossimità;;della chilometrica ;10,9;;Veicolo in marcia contro ostacolo fisso;Rettilineo;Una carreggiata a doppio senso;Asciutto;Asfaltata;Orizzontale;Sereno;Scarso;Buona;Inesistente;1;0;0;0;;;-1;1;Autovettura privata;In marcia / fermata / arresto;Conducente;M;Rimandato;0;NON DECEDUTO;Non accertato;Inesistente
1812345;20;17/09/2009 23:20;Statale entro l'abitato;VIA CASSIA;all'intersezione con;VIA GIACOMO ANDREASSI;VIA GIACOMO ANDREASSI;;;Veicolo in marcia contro ostacolo accidentale;Intersezione stradale segnalata;Una carreggiata a doppio senso;Asciutto;Asfaltata;Verticale ed orizzontale;Nuvoloso;Scarso;Sufficiente;Insufficiente;0;0;0;1;;;-1;1;Autovettura privata;In marcia / fermata / arresto;Conducente;F;Illeso;0;;Non accertato;Inesploso
1812346;20;18/09/2009 12:10;Strada Urbana;LARGO DI VIGNA STELLUTI;in corrispondenza;;del civico n. ;12;;Tamponamento;Rettilineo;Una carreggiata a senso unico di marcia;Asciutto;Asfaltata;Verticale ed orizzontale;Sereno;Intenso;Buona;Ore Diurne;0;0;0;4;;;-1;1;Autovettura privata;In marcia / fermata / arresto;Conducente;M;Illeso;0;;Non accertato;Inesploso
1812346;20;18/09/2009 12:10;Strada Urbana;LARGO DI VIGNA STELLUTI;in corrispondenza;;del civico n. ;12;;Tamponamento;Rettilineo;Una carreggiata a senso unico di marcia;Asciutto;Asfaltata;Verticale ed orizzontale;Sereno;Intenso;Buona;Ore Diurne;0;0;0;4;;;-1;1;Autovettura privata;In marcia / fermata / arresto;Passeggero;M;Illeso;0;;Non accertato;Inesploso
1812346;20;18/09/2009 12:10;Strada Urbana;LARGO DI VIGNA STELLUTI;in corrispondenza;;del civico n. ;12;;Tamponamento;Rettilineo;Una carreggiata a senso unico di marcia;Asciutto;Asfaltata;Verticale ed orizzontale;Sereno;Intenso;Buona;Ore Diurne;0;0;0;4;;;-1;2;Autovettura privata;In marcia / fermata / arresto;Conducente;F;Illeso;0;;Non accertato;Inesploso
1812346;20;18/09/2009 12:10;Strada Urbana;LARGO DI VIGNA STELLUTI;in corrispondenza;;del civico n. ;12;;Tamponamento;Rettilineo;Una carreggiata a senso unico di marcia;Asciutto;Asfaltata;Verticale ed orizzontale;Sereno;Intenso;Buona;Ore Diurne;0;0;0;4;;;-1;2;Autovettura privata;In marcia / fermata / arresto;Passeggero;M;Illeso;0;;Non accertato;Inesistente
1812347;20;18/09/2009 17:35;Strada Urbana;VIA DEL FORO ITALICO;da specificare;;;;CORRISPONDENZA DELLA RAMPA ASC PROV CSO FRANCIA;Scontro laterale fra veicoli in marcia;Rettilineo;Due carreggiate;Asciutto;Lastricata;Verticale ed orizzontale;Nuvoloso;Intenso;Buona;Ore Diurne;0;0;0;3;;;-1;1;Autovettura privata;In marcia / fermata / arresto;Conducente;F;Illeso;0;;Non accertato;Inesistente
1812347;20;18/09/2009 17:35;Strada Urbana;VIA DEL FORO ITALICO;da specificare;;;;CORRISPONDENZA DELLA RAMPA ASC PROV CSO FRANCIA;Scontro laterale fra veicoli in marcia;Rettilineo;Due carreggiate;Asciutto;Lastricata;Verticale ed orizzontale;Nuvoloso;Intenso;Buona;Ore Diurne;0;0;0;3;;;-1;1;Autovettura privata;In marcia / fermata / arresto;Passeggero;M;Illeso;0;;Non accertato;Inesistente
1812347;20;18/09/2009 17:35;Strada Urbana;VIA DEL FORO ITALICO;da specificare;;;;CORRISPONDENZA DELLA RAMPA ASC PROV CSO FRANCIA;Scontro laterale fra veicoli in marcia;Rettilineo;Due carreggiate;Asciutto;Lastricata;Verticale ed orizzontale;Nuvoloso;Intenso;Buona;Ore Diurne;0;0;0;3;;;-1;2;Autovettura privata;In marcia / fermata / arresto;Conducente;F;Illeso;0;;Non accertato;Inesploso
1812348;20;18/09/2009 19:00;Strada Urbana;VIA DEGLI ORTI DELLA FARNESINA;all'intersezione con;VIA DELLA FARNESINA;VIA DELLA FARNESINA;;;Tamponamento;Incrocio;Una carreggiata a doppio senso;Asciutto;Asfaltata;Orizzontale;Sereno;Normale;Sufficiente;Ore Diurne;0;0;0;2;;;-1;1;Autovettura privata;In marcia / fermata / arresto;Conducente;F;Illeso;0;;Non accertato;Inesploso
1812348;20;18/09/2009 19:00;Strada Urbana;VIA DEGLI ORTI DELLA FARNESINA;all'intersezione con;VIA DELLA FARNESINA;VIA DELLA FARNESINA;;;Tamponamento;Incrocio;Una carreggiata a doppio senso;Asciutto;Asfaltata;Orizzontale;Sereno;Normale;Sufficiente;Ore Diurne;0;0;0;2;;;-1;2;Autovettura privata;Allontanatosi;Conducente;M;Illeso;0;;Non accertato;Inesploso
1812349;20;18/09/2009 22:20;Statale entro l'abitato;VIA CASSIA;in prossimità;;del civico n. ;1154;;Veicolo in marcia contro ostacolo fisso;Rettilineo;Una carreggiata a doppio senso;Asciutto;Asfaltata;Verticale ed orizzontale;Nuvoloso;Scarso;Buona;Sufficiente;1;0;0;0;;;-1;1;Autovettura privata;In marcia / fermata / arresto;Conducente;F;Ricoverato;0;NON DECEDUTO;Non accertato;Esploso
1812350;20;19/09/2009 02:30;Strada Urbana;CORSO DI FRANCIA;da specificare;;;;PROSSIMITA' VIA LUPI;Scontro laterale fra veicoli in marcia;Rettilineo;Due carreggiate;Asciutto;Asfaltata;Verticale ed orizzontale;Sereno;Scarso;Buona;Sufficiente;1;0;0;2;;;-1;1;Autovettura privata;In marcia / fermata / arresto;Conducente;M;Illeso;0;;Non accertato;Inesploso
1812350;20;19/09/2009 02:30;Strada Urbana;CORSO DI FRANCIA;da specificare;;;;PROSSIMITA' VIA LUPI;Scontro laterale fra veicoli in marcia;Rettilineo;Due carreggiate;Asciutto;Asfaltata;Verticale ed orizzontale;Sereno;Scarso;Buona;Sufficiente;1;0;0;2;;;-1;1;Autovettura privata;In marcia / fermata / arresto;Passeggero;M;Illeso;0;;Non accertato;Inesploso
1812350;20;19/09/2009 02:30;Strada Urbana;CORSO DI FRANCIA;da specificare;;;;PROSSIMITA' VIA LUPI;Scontro laterale fra veicoli in marcia;Rettilineo;Due carreggiate;Asciutto;Asfaltata;Verticale ed orizzontale;Sereno;Scarso;Buona;Sufficiente;1;0;0;2;;;-1;2;Motociclo a solo;In marcia / fermata / arresto;Conducente;M;Ricoverato;0;NON DECEDUTO;Non accertato;Inesistente
1812351;20;19/09/2009 11:05;Strada Urbana;LUNGOTEVERE MARESCIALLO DIAZ;da specificare;;;;prossimità largo M.llo Diaz;Tamponamento;Rettilineo;Due carreggiate;Asciutto;Asfaltata;Verticale ed orizzontale;Nuvoloso;Normale;Buona;Ore Diurne;0;0;0;2;;;-1;1;Autovettura privata;In marcia / fermata / arresto;Conducente;F;Illeso;0;;Non accertato;Inesploso
1812351;20;19/09/2009 11:05;Strada Urbana;LUNGOTEVERE MARESCIALLO DIAZ;da specificare;;;;prossimità largo M.llo Diaz;Tamponamento;Rettilineo;Due carreggiate;Asciutto;Asfaltata;Verticale ed orizzontale;Nuvoloso;Normale;Buona;Ore Diurne;0;0;0;2;;;-1;2;Autovettura privata;In marcia / fermata / arresto;Conducente;F;Illeso;0;;Non accertato;Inesploso
1812352;20;19/09/2009 16:20;Strada Urbana;CORSO DI FRANCIA;da specificare;;;;pross rampa V. Foro Italico dir Salaria;Tamponamento;Rettilineo;Due carreggiate;Asciutto;Asfaltata;Verticale ed orizzontale;Sereno;Normale;Buona;Ore Diurne;1;0;0;3;;;-1;1;Autovettura privata;In marcia / fermata / arresto;Conducente;F;Illeso;0;;Non accertato;Inesploso
1812352;20;19/09/2009 16:20;Strada Urbana;CORSO DI FRANCIA;da specificare;;;;pross rampa V. Foro Italico dir Salaria;Tamponamento;Rettilineo;Due carreggiate;Asciutto;Asfaltata;Verticale ed orizzontale;Sereno;Normale;Buona;Ore Diurne;1;0;0;3;;;-1;1;Autovettura privata;In marcia / fermata / arresto;Passeggero;F;Illeso;0;;Non accertato;Inesploso
1812352;20;19/09/2009 16:20;Strada Urbana;CORSO DI FRANCIA;da specificare;;;;pross rampa V. Foro Italico dir Salaria;Tamponamento;Rettilineo;Due carreggiate;Asciutto;Asfaltata;Verticale ed orizzontale;Sereno;Normale;Buona;Ore Diurne;1;0;0;3;;;-1;2;Motociclo con passeggero;In marcia / fermata / arresto;Conducente;M;Rifiuta cure immediate;0;NON DECEDUTO;Non accertato;Inesistente
1812352;20;19/09/2009 16:20;Strada Urbana;CORSO DI FRANCIA;da specificare;;;;pross rampa V. Foro Italico dir Salaria;Tamponamento;Rettilineo;Due carreggiate;Asciutto;Asfaltata;Verticale ed orizzontale;Sereno;Normale;Buona;Ore Diurne;1;0;0;3;;;-1;2;Motociclo con passeggero;In marcia / fermata / arresto;Passeggero;M;Illeso;0;;Utilizzato;Inesistente
1812353;20;19/09/2009 17:30;Strada Urbana;VIA FLAMINIA NUOVA;in prossimità;;del civico n. ;213;;Tamponamento;Rettilineo;Una carreggiata a doppio senso;Asciutto;Asfaltata;Verticale ed orizzontale;Sereno;Normale;Buona;Ore Diurne;1;0;0;2;;;-1;1;Motociclo con passeggero;In marcia / fermata / arresto;Conducente;M;Illeso;0;;Non accertato;Inesistente
1812353;20;19/09/2009 17:30;Strada Urbana;VIA FLAMINIA NUOVA;in prossimità;;del civico n. ;213;;Tamponamento;Rettilineo;Una carreggiata a doppio senso;Asciutto;Asfaltata;Verticale ed orizzontale;Sereno;Normale;Buona;Ore Diurne;1;0;0;2;;;-1;1;Motociclo con passeggero;In marcia / fermata / arresto;Passeggero;F;Rimandato;0;NON DECEDUTO;Utilizzato;Inesistente
1812353;20;19/09/2009 17:30;Strada Urbana;VIA FLAMINIA NUOVA;in prossimità;;del civico n. ;213;;Tamponamento;Rettilineo;Una carreggiata a doppio senso;Asciutto;Asfaltata;Verticale ed orizzontale;Sereno;Normale;Buona;Ore Diurne;1;0;0;2;;;-1;2;Autovettura privata;In marcia / fermata / arresto;Conducente;M;Illeso;0;;Non accertato;Inesploso
1812354;20;19/09/2009 23:40;Statale entro l'abitato;VIA FLAMINIA;in prossimità;;del civico n. ;1172;;Scontro laterale fra veicoli in marcia;Rettilineo;Una carreggiata a senso unico di marcia;Asciutto;Asfaltata;Verticale ed orizzontale;Sole radente;Scarso;Sufficiente;Sufficiente;1;0;0;1;;;-1;1;Motociclo a solo;In marcia / fermata / arresto;Conducente;M;Rimandato;0;NON DECEDUTO;Non accertato;Inesploso
1812354;20;19/09/2009 23:40;Statale entro l'abitato;VIA FLAMINIA;in prossimità;;del civico n. ;1172;;Scontro laterale fra veicoli in marcia;Rettilineo;Una carreggiata a senso unico di marcia;Asciutto;Asfaltata;Verticale ed orizzontale;Sole radente;Scarso;Sufficiente;Sufficiente;1;0;0;1;;;-1;2;Autovettura privata;In marcia / fermata / arresto;Conducente;M;Illeso;0;;Non accertato;Inesploso
1812355;20;20/09/2009 00:10;Strada Urbana;PIAZZALE DI PONTE MILVIO;all'intersezione con;VIALE DI TOR DI QUINTO;VIALE DI TOR DI QUINTO;;;Tamponamento;Intersezione stradale segnalata;Una carreggiata a senso unico di marcia;Asciutto;Asfaltata;Verticale;Nuvoloso;Intenso;Buona;Sufficiente;0;0;0;2;;;-1;1;Autovettura privata;In marcia / fermata / arresto;Conducente;M;Illeso;0;;Utilizzato;Inesistente
1812355;20;20/09/2009 00:10;Strada Urbana;PIAZZALE DI PONTE MILVIO;all'intersezione con;VIALE DI TOR DI QUINTO;VIALE DI TOR DI QUINTO;;;Tamponamento;Intersezione stradale segnalata;Una carreggiata a senso unico di marcia;Asciutto;Asfaltata;Verticale;Nuvoloso;Intenso;Buona;Sufficiente;0;0;0;2;;;-1;2;Autovettura privata;Allontanatosi;Conducente;M;Illeso;0;;Non accertato;Inesistente
1812356;20;20/09/2009 06:30;Strada Urbana;CORSO DI FRANCIA;da specificare;;;;altezza via bartolomeo gosio;Tamponamento;Rettilineo;Due carreggiate;Asciutto;Asfaltata;Verticale ed orizzontale;Sereno;Scarso;Buona;Ore Diurne;1;0;0;3;;;-1;1;Autovettura privata;In marcia / fermata / arresto;Conducente;M;Illeso;0;;Non accertato;Inesistente
1812356;20;20/09/2009 06:30;Strada Urbana;CORSO DI FRANCIA;da specificare;;;;altezza via bartolomeo gosio;Tamponamento;Rettilineo;Due carreggiate;Asciutto;Asfaltata;Verticale ed orizzontale;Sereno;Scarso;Buona;Ore Diurne;1;0;0;3;;;-1;1;Autovettura privata;In marcia / fermata / arresto;Passeggero;M;Illeso;0;;Non accertato;Inesistente
1812356;20;20/09/2009 06:30;Strada Urbana;CORSO DI FRANCIA;da specificare;;;;altezza via bartolomeo gosio;Tamponamento;Rettilineo;Due carreggiate;Asciutto;Asfaltata;Verticale ed orizzontale;Sereno;Scarso;Buona;Ore Diurne;1;0;0;3;;;-1;2;Autovettura privata;In marcia / fermata / arresto;Conducente;M;Illeso;0;;Utilizzato;Inesploso
1812356;20;20/09/2009 06:30;Strada Urbana;CORSO DI FRANCIA;da specificare;;;;altezza via bartolomeo gosio;Tamponamento;Rettilineo;Due carreggiate;Asciutto;Asfaltata;Verticale ed orizzontale;Sereno;Scarso;Buona;Ore Diurne;1;0;0;3;;;-1;2;Autovettura privata;In marcia / fermata / arresto;Passeggero;F;Rimandato;0;NON DECEDUTO;Utilizzato;Inesploso
1812357;20;20/09/2009 17:30;Strada Urbana;VIA DI PRATO CORAZZA;da specificare;;;;a circa100 metri da via Bombing dir.Anguillara;Veicolo in marcia contro ostacolo accidentale;Pendenza;Una carreggiata a doppio senso;Asciutto;Asfaltata;Assente;Nuvoloso;Scarso;Buona;Ore Diurne;0;0;0;5;;;-1;1;Autovettura privata;In marcia / fermata / arresto;Passeggero;M;Illeso;0;;Non accertato;Inesistente
1812357;20;20/09/2009 17:30;Strada Urbana;VIA DI PRATO CORAZZA;da specificare;;;;a circa100 metri da via Bombing dir.Anguillara;Veicolo in marcia contro ostacolo accidentale;Pendenza;Una carreggiata a doppio senso;Asciutto;Asfaltata;Assente;Nuvoloso;Scarso;Buona;Ore Diurne;0;0;0;5;;;-1;1;Autovettura privata;In marcia / fermata / arresto;Passeggero;F;Illeso;0;;Non accertato;Inesistente
1812357;20;20/09/2009 17:30;Strada Urbana;VIA DI PRATO CORAZZA;da specificare;;;;a circa100 metri da via Bombing dir.Anguillara;Veicolo in marcia contro ostacolo accidentale;Pendenza;Una carreggiata a doppio senso;Asciutto;Asfaltata;Assente;Nuvoloso;Scarso;Buona;Ore Diurne;0;0;0;5;;;-1;1;Autovettura privata;In marcia / fermata / arresto;Conducente;M;Illeso;0;;Non accertato;Inesploso
1812357;20;20/09/2009 17:30;Strada Urbana;VIA DI PRATO CORAZZA;da specificare;;;;a circa100 metri da via Bombing dir.Anguillara;Veicolo in marcia contro ostacolo accidentale;Pendenza;Una carreggiata a doppio senso;Asciutto;Asfaltata;Assente;Nuvoloso;Scarso;Buona;Ore Diurne;0;0;0;5;;;-1;1;Autovettura privata;In marcia / fermata / arresto;Passeggero;F;Illeso;0;;Non accertato;Inesistente
1812357;20;20/09/2009 17:30;Strada Urbana;VIA DI PRATO CORAZZA;da specificare;;;;a circa100 metri da via Bombing dir.Anguillara;Veicolo in marcia contro ostacolo accidentale;Pendenza;Una carreggiata a doppio senso;Asciutto;Asfaltata;Assente;Nuvoloso;Scarso;Buona;Ore Diurne;0;0;0;5;;;-1;1;Autovettura privata;In marcia / fermata / arresto;Passeggero;F;Illeso;0;;Non accertato;Inesistente
1812359;6;20/09/2009;Strada Urbana;VIA TUSCOLANA;all'intersezione semaforizzata con;VIA DELL'ARCO DI TRAVERTINO;VIA DELL'ARCO DI TRAVERTINO;;;Scontro laterale fra veicoli in marcia;Intersezione semaforizzata;Due carreggiate;Bagnato (pioggia);Asfaltata;Verticale ed orizzontale;Pioggia in atto;Normale;Buona;Sufficiente;0;0;0;6;;;-1;1;Autovettura privata;In marcia / fermata / arresto;Conducente;M;Illeso;0;;Non accertato;Inesistente
1812359;6;20/09/2009;Strada Urbana;VIA TUSCOLANA;all'intersezione semaforizzata con;VIA DELL'ARCO DI TRAVERTINO;VIA DELL'ARCO DI TRAVERTINO;;;Scontro laterale fra veicoli in marcia;Intersezione semaforizzata;Due carreggiate;Bagnato (pioggia);Asfaltata;Verticale ed orizzontale;Pioggia in atto;Normale;Buona;Sufficiente;0;0;0;6;;;-1;1;Autovettura privata;In marcia / fermata / arresto;Passeggero;M;Illeso;0;;Non accertato;Inesistente
1812359;6;20/09/2009;Strada Urbana;VIA TUSCOLANA;all'intersezione semaforizzata con;VIA DELL'ARCO DI TRAVERTINO;VIA DELL'ARCO DI TRAVERTINO;;;Scontro laterale fra veicoli in marcia;Intersezione semaforizzata;Due carreggiate;Bagnato (pioggia);Asfaltata;Verticale ed orizzontale;Pioggia in atto;Normale;Buona;Sufficiente;0;0;0;6;;;-1;1;Autovettura privata;In marcia / fermata / arresto;Passeggero;M;Illeso;0;;Non accertato;Inesistente
1812359;6;20/09/2009;Strada Urbana;VIA TUSCOLANA;all'intersezione semaforizzata con;VIA DELL'ARCO DI TRAVERTINO;VIA DELL'ARCO DI TRAVERTINO;;;Scontro laterale fra veicoli in marcia;Intersezione semaforizzata;Due carreggiate;Bagnato (pioggia);Asfaltata;Verticale ed orizzontale;Pioggia in atto;Normale;Buona;Sufficiente;0;0;0;6;;;-1;2;Autovettura privata;In marcia / fermata / arresto;Conducente;M;Illeso;0;;Non accertato;Inesistente
1812359;6;20/09/2009;Strada Urbana;VIA TUSCOLANA;all'intersezione semaforizzata con;VIA DELL'ARCO DI TRAVERTINO;VIA DELL'ARCO DI TRAVERTINO;;;Scontro laterale fra veicoli in marcia;Intersezione semaforizzata;Due carreggiate;Bagnato (pioggia);Asfaltata;Verticale ed orizzontale;Pioggia in atto;Normale;Buona;Sufficiente;0;0;0;6;;;-1;2;Autovettura privata;In marcia / fermata / arresto;Passeggero;F;Illeso;0;;Non accertato;Inesistente