Protocollo;Gruppo;DataOraIncidente;Localizzazione1;STRADA1;Localizzazione2;STRADA2;Strada02;Chilometrica;DaSpecificare;NaturaIncidente;particolaritastrade;TipoStrada;FondoStradale;Pavimentazione;Segnaletica;CondizioneAtmosferica;Traffico;Visibilita;Illuminazione;NUM_FERITI;NUM_RISERVATA;NUM_MORTI;NUM_ILLESI;Longitudine;Latitudine;Confermato;Progressivo;TipoVeicolo;StatoVeicolo;TipoPersona;Sesso;Tipolesione;Deceduto;DecedutoDopo;CinturaCascoUtilizzato;Airbag
1815736;5;09/09/2009 17:50;Strada Urbana;VIA DI GROTTA DI GREGNA;all'intersezione con;VIA DEL FLAUTO;VIA DEL FLAUTO;;;Scontro laterale fra veicoli in marcia;Incrocio;Una carreggiata a doppio senso;Asciutto;Asfaltata;Verticale ed orizzontale;Sereno;Intenso;Buona;Ore Diurne;1;0;0;1;;;-1;1;Autovettura privata;In marcia / fermata / arresto;Conducente;F;Rimandato;0;NON DECEDUTO;Non accertato;Inesistente
1815736;5;09/09/2009 17:50;Strada Urbana;VIA DI GROTTA DI GREGNA;all'intersezione con;VIA DEL FLAUTO;VIA DEL FLAUTO;;;Scontro laterale fra veicoli in marcia;Incrocio;Una carreggiata a doppio senso;Asciutto;Asfaltata;Verticale ed orizzontale;Sereno;Intenso;Buona;Ore Diurne;1;0;0;1;;;-1;2;Autovettura privata;In marcia / fermata / arresto;Conducente;M;Illeso;0;;Non accertato;Inesistente
1815737;5;11/09/2009 11:20;Strada Urbana;VIA DI CASAL BIANCO;in corrispondenza;;del civico n. ;151;;Investimento di pedone;Rettilineo;Una carreggiata a doppio senso;Asciutto;Asfaltata;Verticale ed orizzontale;Sereno;Normale;Buona;Ore Diurne;1;0;0;0;;;-1;;;;Pedone;F;Rimandato;0;NON DECEDUTO;;
1815738;5;15/09/2009 10:20;Statale;VIA TIBURTINA;in prossimità;;del civico n. ;1496;;Scontro laterale fra veicoli in marcia;Rettilineo;Due carreggiate;Asciutto;Asfaltata;Verticale ed orizzontale;Nuvoloso;Intenso;Buona;Ore Diurne;1;0;0;1;;;-1;1;Motociclo a solo;In marcia / fermata / arresto;Conducente;M;Rifiuta cure immediate;0;NON DECEDUTO;Utilizzato;Inesistente
1815738;5;15/09/2009 10:20;Statale;VIA TIBURTINA;in prossimità;;del civico n. ;1496;;Scontro laterale fra veicoli in marcia;Rettilineo;Due carreggiate;Asciutto;Asfaltata;Verticale ed orizzontale;Nuvoloso;Intenso;Buona;Ore Diurne;1;0;0;1;;;-1;2;Autovettura privata;In marcia / fermata / arresto;Conducente;M;Illeso;0;;Utilizzato;Inesistente
1815739;5;21/09/2009 13:30;Strada Urbana;VIALE PALMIRO TOGLIATTI;all'intersezione con;VIA SALVATORE VALITUTTI;VIA SALVATORE VALITUTTI;;;Scontro laterale fra veicoli in marcia;Incrocio;Una carreggiata a senso unico di marcia;Bagnato (pioggia);Asfaltata;Verticale ed orizzontale;Nuvoloso;Normale;Buona;Ore Diurne;2;0;0;0;;;-1;1;Autovettura privata;In marcia / fermata / arresto;Conducente;M;Rimandato;0;NON DECEDUTO;Non accertato;Inesistente
1815739;5;21/09/2009 13:30;Strada Urbana;VIALE PALMIRO TOGLIATTI;all'intersezione con;VIA SALVATORE VALITUTTI;VIA SALVATORE VALITUTTI;;;Scontro laterale fra veicoli in marcia;Incrocio;Una carreggiata a senso unico di marcia;Bagnato (pioggia);Asfaltata;Verticale ed orizzontale;Nuvoloso;Normale;Buona;Ore Diurne;2;0;0;0;;;-1;2;Motociclo a solo;In marcia / fermata / arresto;Conducente;M;Rimandato;0;NON DECEDUTO;Non accertato;Inesistente
1815740;5;25/09/2009 12:50;Strada Urbana;VIA ALBERTO POLLIO;in prossimità;;del civico n. ;60;;Scontro frontale/laterale DX fra veicoli in marcia;Rettilineo;Una carreggiata a doppio senso;Asciutto;Asfaltata;Verticale ed orizzontale;Sereno;Normale;Buona;Ore Diurne;1;0;0;1;;;-1;1;Autovettura privata;In marcia / fermata / arresto;Conducente;M;Illeso;0;;Non accertato;Inesistente
1815740;5;25/09/2009 12:50;Strada Urbana;VIA ALBERTO POLLIO;in prossimità;;del civico n. ;60;;Scontro frontale/laterale DX fra veicoli in marcia;Rettilineo;Una carreggiata a doppio senso;Asciutto;Asfaltata;Verticale ed orizzontale;Sereno;Normale;Buona;Ore Diurne;1;0;0;1;;;-1;2;Motociclo a solo;In marcia / fermata / arresto;Conducente;M;Rimandato;0;NON DECEDUTO;Non accertato;Inesistente
1815741;5;27/09/2009 18:30;Strada Urbana;VIA TIBURTINA;all'intersezione semaforizzata con;VIA DI CASAL DEI PAZZI;VIA DI CASAL DEI PAZZI;;;Tamponamento;Intersezione semaforizzata;Più di due carreggiate;Asciutto;Asfaltata;Verticale;Sereno;Normale;Sufficiente;Sufficiente;0;0;0;2;;;-1;1;Autovettura privata;In marcia / fermata / arresto;Conducente;M;Illeso;0;;Non accertato;Inesistente
1815741;5;27/09/2009 18:30;Strada Urbana;VIA TIBURTINA;all'intersezione semaforizzata con;VIA DI CASAL DEI PAZZI;VIA DI CASAL DEI PAZZI;;;Tamponamento;Intersezione semaforizzata;Più di due carreggiate;Asciutto;Asfaltata;Verticale;Sereno;Normale;Sufficiente;Sufficiente;0;0;0;2;;;-1;2;Autovettura privata;In marcia / fermata / arresto;Conducente;M;Illeso;0;;Non accertato;Inesistente
1815847;5;02/09/2009 12:00;Strada Urbana;VIA BELMONTE IN SABINA;da specificare;;;;altezza inversione di marcia ;Tamponamento;Rettilineo;Una carreggiata a senso unico di marcia;Asciutto;Asfaltata;Verticale ed orizzontale;Sereno;Normale;Buona;Ore Diurne;1;0;0;1;;;-1;1;Autovettura privata;In marcia / fermata / arresto;Conducente;M;Illeso;0;;Non accertato;Inesistente
1815847;5;02/09/2009 12:00;Strada Urbana;VIA BELMONTE IN SABINA;da specificare;;;;altezza inversione di marcia ;Tamponamento;Rettilineo;Una carreggiata a senso unico di marcia;Asciutto;Asfaltata;Verticale ed orizzontale;Sereno;Normale;Buona;Ore Diurne;1;0;0;1;;;-1;2;Motociclo a solo;In marcia / fermata / arresto;Conducente;M;Rimandato;0;NON DECEDUTO;Non accertato;Inesistente
1815848;5;18/09/2009 15:30;Comunale extraurbana;VIA DI CASAL BIANCO;in corrispondenza;;del civico n. ;200;;Tamponamento;Rettilineo;Una carreggiata a doppio senso;Asciutto;Asfaltata;Verticale ed orizzontale;Sereno;Normale;Buona;Ore Diurne;2;0;0;0;;;-1;1;Autovettura privata;In marcia / fermata / arresto;Conducente;F;Rimandato;0;NON DECEDUTO;Non accertato;Inesistente
1815848;5;18/09/2009 15:30;Comunale extraurbana;VIA DI CASAL BIANCO;in corrispondenza;;del civico n. ;200;;Tamponamento;Rettilineo;Una carreggiata a doppio senso;Asciutto;Asfaltata;Verticale ed orizzontale;Sereno;Normale;Buona;Ore Diurne;2;0;0;0;;;-1;2;Autovettura privata;In marcia / fermata / arresto;Conducente;F;Rifiuta cure immediate;0;NON DECEDUTO;Non accertato;Inesistente
1815970;6;10/09/2009 17:20;Strada Urbana;VIA ROBERTO MALATESTA;in corrispondenza;;del civico n. ;16;;Veicolo in marcia contro ostacolo fisso;Rettilineo;Una carreggiata a senso unico di marcia;Asciutto;Asfaltata;Orizzontale;Sereno;Intenso;Buona;Ore Diurne;0;0;1;0;;;-1;1;Autovettura privata;In marcia / fermata / arresto;Conducente;M;Deceduto durante prime cure;-1;;Non accertato;Inesistente
1816105;5;22/09/2009 18:15;Statale;VIA TIBURTINA;all'intersezione con;VIA COLLI SUL VELINO;VIA COLLI SUL VELINO;;;Scontro frontale/laterale DX fra veicoli in marcia;Incrocio;Una carreggiata a doppio senso;Bagnato (pioggia);Asfaltata;Verticale ed orizzontale;Pioggia in atto;Intenso;Buona;Ore Diurne;2;0;0;1;;;-1;1;Autovettura privata;In marcia / fermata / arresto;Conducente;M;Illeso;0;;Non accertato;Inesistente
1816105;5;22/09/2009 18:15;Statale;VIA TIBURTINA;all'intersezione con;VIA COLLI SUL VELINO;VIA COLLI SUL VELINO;;;Scontro frontale/laterale DX fra veicoli in marcia;Incrocio;Una carreggiata a doppio senso;Bagnato (pioggia);Asfaltata;Verticale ed orizzontale;Pioggia in atto;Intenso;Buona;Ore Diurne;2;0;0;1;;;-1;2;Motociclo con passeggero;In marcia / fermata / arresto;Conducente;M;Rimandato;0;NON DECEDUTO;Non accertato;Inesistente
1816105;5;22/09/2009 18:15;Statale;VIA TIBURTINA;all'intersezione con;VIA COLLI SUL VELINO;VIA COLLI SUL VELINO;;;Scontro frontale/laterale DX fra veicoli in marcia;Incrocio;Una carreggiata a doppio senso;Bagnato (pioggia);Asfaltata;Verticale ed orizzontale;Pioggia in atto;Intenso;Buona;Ore Diurne;2;0;0;1;;;-1;2;Motociclo con passeggero;In marcia / fermata / arresto;Passeggero;F;Rimandato;0;NON DECEDUTO;Non accertato;Inesistente
1816267;5;04/09/2009 08:40;Strada Urbana;VIA TIBURTINA;da specificare;;;;ponte stazione tiburtina;Infortunio per caduta del veicolo;Rettilineo;Una carreggiata a doppio senso;Bagnato (pioggia);Asfaltata;Verticale ed orizzontale;Nuvoloso;Intenso;Buona;Ore Diurne;1;0;0;0;;;-1;1;Motociclo a solo;In marcia / fermata / arresto;Conducente;M;Rimandato;0;NON DECEDUTO;Non accertato;Inesistente
1816268;5;08/09/2009 13:15;Strada Urbana;VIA DEL CASALE DI S. BASILIO;in prossimità;;del civico n. ;256;;Tamponamento Multiplo;Rettilineo;Una carreggiata a doppio senso;Asciutto;Asfaltata;Verticale ed orizzontale;Sereno;Intenso;Buona;Ore Diurne;1;0;0;3;;;-1;1;Autovettura privata;In marcia / fermata / arresto;Conducente;M;Rimandato;0;NON DECEDUTO;Non accertato;Inesistente
1816268;5;08/09/2009 13:15;Strada Urbana;VIA DEL CASALE DI S. BASILIO;in prossimità;;del civico n. ;256;;Tamponamento Multiplo;Rettilineo;Una carreggiata a doppio senso;Asciutto;Asfaltata;Verticale ed orizzontale;Sereno;Intenso;Buona;Ore Diurne;1;0;0;3;;;-1;2;Autovettura privata;In marcia / fermata / arresto;Conducente;M;Illeso;0;;Esente;Inesistente
1816268;5;08/09/2009 13:15;Strada Urbana;VIA DEL CASALE DI S. BASILIO;in prossimità;;del civico n. ;256;;Tamponamento Multiplo;Rettilineo;Una carreggiata a doppio senso;Asciutto;Asfaltata;Verticale ed orizzontale;Sereno;Intenso;Buona;Ore Diurne;1;0;0;3;;;-1;3;Autovettura privata;In marcia / fermata / arresto;Conducente;M;Illeso;0;;Non accertato;Inesistente
1816268;5;08/09/2009 13:15;Strada Urbana;VIA DEL CASALE DI S. BASILIO;in prossimità;;del civico n. ;256;;Tamponamento Multiplo;Rettilineo;Una carreggiata a doppio senso;Asciutto;Asfaltata;Verticale ed orizzontale;Sereno;Intenso;Buona;Ore Diurne;1;0;0;3;;;-1;4;Autovettura privata;In marcia / fermata / arresto;Conducente;M;Illeso;0;;Non accertato;Inesistente
1816269;5;09/09/2009 15:30;Strada Urbana;VIA DI CASAL DEI PAZZI;in prossimità;;del civico n. ;86;;Investimento di pedone;Rettilineo;Una carreggiata a doppio senso;Asciutto;Asfaltata;Verticale ed orizzontale;Nuvoloso;Normale;Buona;Ore Diurne;1;0;0;1;;;-1;;;;Pedone;F;Rimandato;0;NON DECEDUTO;;
1816269;5;09/09/2009 15:30;Strada Urbana;VIA DI CASAL DEI PAZZI;in prossimità;;del civico n. ;86;;Investimento di pedone;Rettilineo;Una carreggiata a doppio senso;Asciutto;Asfaltata;Verticale ed orizzontale;Nuvoloso;Normale;Buona;Ore Diurne;1;0;0;1;;;-1;1;Motociclo a solo;In marcia / fermata / arresto;Conducente;M;Illeso;0;;Non accertato;Inesistente
1816270;5;09/09/2009 21:00;Strada Urbana;VIALE DEL TECNOPOLO;da specificare;;;;ALTEZZA INGRESSO A 24;Veicolo in marcia contro ostacolo fisso;Curva a visuale libera;Una carreggiata a doppio senso;Asciutto;Asfaltata;Verticale;Sereno;Scarso;Insufficiente;Insufficiente;1;0;0;0;;;-1;1;Autovettura privata;In marcia / fermata / arresto;Conducente;M;Rimandato;0;NON DECEDUTO;Non accertato;Inesistente
1816271;5;14/09/2009 20:00;Statale entro l'abitato;VIA TIBURTINA;da specificare;;;;civ. 445;Veicoli in marcia contro veicoli fermi;Rettilineo;Più di due carreggiate;Asciutto;Asfaltata;Verticale ed orizzontale;Nuvoloso;Scarso;Buona;Ore Diurne;0;0;0;1;;;-1;2;Autovettura privata;In marcia / fermata / arresto;Conducente;F;Illeso;0;;Non accertato;Inesistente
1816272;5;17/09/2009 08:10;Strada Urbana;VIA DI PIETRALATA;da specificare;;;;altezza metro pietralata ;Scontro frontale/laterale DX fra veicoli in marcia;Rettilineo;Una carreggiata a doppio senso;Asciutto;Asfaltata;Verticale ed orizzontale;Sereno;Normale;Buona;Ore Diurne;1;0;0;1;;;-1;1;Motociclo a solo;In marcia / fermata / arresto;Conducente;M;Rimandato;0;NON DECEDUTO;Non accertato;Inesistente
1816272;5;17/09/2009 08:10;Strada Urbana;VIA DI PIETRALATA;da specificare;;;;altezza metro pietralata ;Scontro frontale/laterale DX fra veicoli in marcia;Rettilineo;Una carreggiata a doppio senso;Asciutto;Asfaltata;Verticale ed orizzontale;Sereno;Normale;Buona;Ore Diurne;1;0;0;1;;;-1;2;Autovettura privata;In marcia / fermata / arresto;Conducente;F;Illeso;0;;Non accertato;Inesistente
1816273;5;21/09/2009 18:20;Strada Urbana;VIA TIBURTINA;da specificare;;;;cavalcavia ponte mammolo altezza via cassino;Infortunio per sola frenata improvvisa;Rettilineo;Una carreggiata a senso unico di marcia;Viscido da liquidi oleosi;Asfaltata;Verticale ed orizzontale;Nuvoloso;Normale;Buona;Ore Diurne;1;0;0;1;;;-1;1;Autovettura privata;In marcia / fermata / arresto;Conducente;M;Illeso;0;;Non accertato;Inesistente
1816273;5;21/09/2009 18:20;Strada Urbana;VIA TIBURTINA;da specificare;;;;cavalcavia ponte mammolo altezza via cassino;Infortunio per sola frenata improvvisa;Rettilineo;Una carreggiata a senso unico di marcia;Viscido da liquidi oleosi;Asfaltata;Verticale ed orizzontale;Nuvoloso;Normale;Buona;Ore Diurne;1;0;0;1;;;-1;2;Motociclo a solo;In marcia / fermata / arresto;Conducente;M;Rimandato;0;NON DECEDUTO;Non accertato;Inesistente
1816274;5;29/09/2009 11:30;Strada Urbana;VIA TIBURTINA;in corrispondenza;;del civico n. ;493;;Scontro laterale fra veicoli in marcia;Rettilineo;Più di due carreggiate;Asciutto;Asfaltata;Verticale ed orizzontale;Sereno;Normale;Buona;Ore Diurne;1;0;0;2;;;-1;1;Motociclo a solo;In marcia / fermata / arresto;Conducente;M;Rimandato;0;NON DECEDUTO;Non accertato;Inesistente
1816274;5;29/09/2009 11:30;Strada Urbana;VIA TIBURTINA;in corrispondenza;;del civico n. ;493;;Scontro laterale fra veicoli in marcia;Rettilineo;Più di due carreggiate;Asciutto;Asfaltata;Verticale ed orizzontale;Sereno;Normale;Buona;Ore Diurne;1;0;0;2;;;-1;2;Autovettura privata;In marcia / fermata / arresto;Conducente;M;Illeso;0;;Non accertato;Inesistente
1816274;5;29/09/2009 11:30;Strada Urbana;VIA TIBURTINA;in corrispondenza;;del civico n. ;493;;Scontro laterale fra veicoli in marcia;Rettilineo;Più di due carreggiate;Asciutto;Asfaltata;Verticale ed orizzontale;Sereno;Normale;Buona;Ore Diurne;1;0;0;2;;;-1;2;Autovettura privata;In marcia / fermata / arresto;Passeggero;F;Illeso;0;;Non accertato;Inesistente
1816449;5;18/09/2009 08:30;Strada Urbana;VIA TIBURTINA;da specificare;;;;altezza VIA DEL CASALE DI SAN BASILIO;Scontro laterale fra veicoli in marcia;Rettilineo;Due carreggiate;Asciutto;Asfaltata;Orizzontale;Sereno;Intenso;Buona;Ore Diurne;0;0;0;2;;;-1;1;Autovettura privata;In marcia / fermata / arresto;Conducente;M;Illeso;0;;Non accertato;Inesistente
1816449;5;18/09/2009 08:30;Strada Urbana;VIA TIBURTINA;da specificare;;;;altezza VIA DEL CASALE DI SAN BASILIO;Scontro laterale fra veicoli in marcia;Rettilineo;Due carreggiate;Asciutto;Asfaltata;Orizzontale;Sereno;Intenso;Buona;Ore Diurne;0;0;0;2;;;-1;2;Autocarro inferiore 35 q.;In marcia / fermata / arresto;Conducente;M;Illeso;0;;Non accertato;Inesistente
1816505;5;17/09/2009 17:30;Strada Urbana;VIA TIBURTINA;da specificare;;;;alt. VIA RIPA TEATINA;Infortunio per sola frenata improvvisa;Rettilineo;Una carreggiata a doppio senso;Asciutto;Asfaltata;Verticale ed orizzontale;Sereno;Normale;Buona;Ore Diurne;1;0;0;0;;;-1;1;Motociclo a solo;In marcia / fermata / arresto;Conducente;M;Rimandato;0;NON DECEDUTO;Non accertato;Inesistente
1816506;5;23/09/2009 11:30;Strada Urbana;VIA DIEGO ANGELI;all'intersezione con;VIA GIUSEPPE DONATI;VIA GIUSEPPE DONATI;;;Scontro frontale/laterale DX fra veicoli in marcia;Incrocio;Una carreggiata a senso unico di marcia;Asciutto;Asfaltata;Verticale ed orizzontale;Sereno;Normale;Buona;Ore Diurne;1;0;0;1;;;-1;1;Motociclo a solo;In marcia / fermata / arresto;Conducente;M;Rimandato;0;NON DECEDUTO;Non accertato;Inesistente
1816506;5;23/09/2009 11:30;Strada Urbana;VIA DIEGO ANGELI;all'intersezione con;VIA GIUSEPPE DONATI;VIA GIUSEPPE DONATI;;;Scontro frontale/laterale DX fra veicoli in marcia;Incrocio;Una carreggiata a senso unico di marcia;Asciutto;Asfaltata;Verticale ed orizzontale;Sereno;Normale;Buona;Ore Diurne;1;0;0;1;;;-1;2;Autovettura privata;In marcia / fermata / arresto;Conducente;M;Illeso;0;;Non accertato;Inesistente
1816507;5;25/09/2009 06:45;Strada Urbana;VIA DELLA VANGA;all'intersezione con;VIA DEL BADILE;VIA DEL BADILE;;;Scontro frontale/laterale DX fra veicoli in marcia;Incrocio;Due carreggiate;Asciutto;Asfaltata;Verticale ed orizzontale;Sereno;Scarso;Buona;Ore Diurne;1;0;0;1;;;-1;1;Autovettura privata;In marcia / fermata / arresto;Conducente;F;Rimandato;0;NON DECEDUTO;Non accertato;Inesistente
1816507;5;25/09/2009 06:45;Strada Urbana;VIA DELLA VANGA;all'intersezione con;VIA DEL BADILE;VIA DEL BADILE;;;Scontro frontale/laterale DX fra veicoli in marcia;Incrocio;Due carreggiate;Asciutto;Asfaltata;Verticale ed orizzontale;Sereno;Scarso;Buona;Ore Diurne;1;0;0;1;;;-1;2;Veicolo speciale;In marcia / fermata / arresto;Conducente;F;Illeso;0;;Non accertato;Inesistente
1816508;5;29/09/2009 13:15;Strada Urbana;VIA DEL CASALE DI S. BASILIO;in prossimità;;del civico n. ;9;;Investimento di pedone;Rettilineo;Una carreggiata a doppio senso;Asciutto;Asfaltata;Orizzontale;Sereno;Normale;Buona;Ore Diurne;2;0;0;1;;;-1;;;;Pedone;M;Rimandato;0;NON DECEDUTO;;
1816508;5;29/09/2009 13:15;Strada Urbana;VIA DEL CASALE DI S. BASILIO;in prossimità;;del civico n. ;9;;Investimento di pedone;Rettilineo;Una carreggiata a doppio senso;Asciutto;Asfaltata;Orizzontale;Sereno;Normale;Buona;Ore Diurne;2;0;0;1;;;-1;1;Autovettura privata;In marcia / fermata / arresto;Conducente;F;Illeso;0;;Non accertato;Inesistente
1816508;5;29/09/2009 13:15;Strada Urbana;VIA DEL CASALE DI S. BASILIO;in prossimità;;del civico n. ;9;;Investimento di pedone;Rettilineo;Una carreggiata a doppio senso;Asciutto;Asfaltata;Orizzontale;Sereno;Normale;Buona;Ore Diurne;2;0;0;1;;;-1;2;Motociclo a solo;In marcia / fermata / arresto;Conducente;M;Rimandato;0;NON DECEDUTO;Non accertato;Inesistente
1816689;17;09/09/2009 12:30;Strada Urbana;VIALE ANGELICO;in corrispondenza;;del civico n. ;34;;Veicolo in marcia contro veicoli fermi;Rettilineo;Più di due carreggiate;Asciutto;Asfaltata;Verticale ed orizzontale;Nuvoloso;Normale;Buona;Ore Diurne;0;0;0;2;;;-1;1;Autovettura privata;In marcia / fermata / arresto;Conducente;F;Illeso;0;;Non accertato;Inesistente
1816689;17;09/09/2009 12:30;Strada Urbana;VIALE ANGELICO;in corrispondenza;;del civico n. ;34;;Veicolo in marcia contro veicoli fermi;Rettilineo;Più di due carreggiate;Asciutto;Asfaltata;Verticale ed orizzontale;Nuvoloso;Normale;Buona;Ore Diurne;0;0;0;2;;;-1;1;Autovettura privata;In marcia / fermata / arresto;Passeggero;M;Illeso;0;;Non accertato;Inesistente
1816690;17;12/09/2009 17:15;Strada Urbana;PIAZZALE DEGLI EROI;all'intersezione semaforizzata con;CIRCONVALLAZIONE TRIONFALE;CIRCONVALLAZIONE TRIONFALE;;;Tamponamento;Intersezione semaforizzata;Una carreggiata a doppio senso;Asciutto;Asfaltata;Verticale ed orizzontale;Nuvoloso;Normale;Buona;Ore Diurne;0;0;0;3;;;-1;1;Autovettura privata;In marcia / fermata / arresto;Conducente;F;Illeso;0;;Non accertato;Inesistente
1816690;17;12/09/2009 17:15;Strada Urbana;PIAZZALE DEGLI EROI;all'intersezione semaforizzata con;CIRCONVALLAZIONE TRIONFALE;CIRCONVALLAZIONE TRIONFALE;;;Tamponamento;Intersezione semaforizzata;Una carreggiata a doppio senso;Asciutto;Asfaltata;Verticale ed orizzontale;Nuvoloso;Normale;Buona;Ore Diurne;0;0;0;3;;;-1;2;Autovettura privata;In marcia / fermata / arresto;Conducente;M;Illeso;0;;Non accertato;Inesistente
1816690;17;12/09/2009 17:15;Strada Urbana;PIAZZALE DEGLI EROI;all'intersezione semaforizzata con;CIRCONVALLAZIONE TRIONFALE;CIRCONVALLAZIONE TRIONFALE;;;Tamponamento;Intersezione semaforizzata;Una carreggiata a doppio senso;Asciutto;Asfaltata;Verticale ed orizzontale;Nuvoloso;Normale;Buona;Ore Diurne;0;0;0;3;;;-1;2;Autovettura privata;In marcia / fermata / arresto;Passeggero;F;Illeso;0;;Non accertato;Inesistente
1816691;17;25/09/2009 10:20;Strada Urbana;LUNGOTEVERE IN SASSIA;in prossimità;;del palo luce n. ;20;;Scontro laterale fra veicoli in marcia;Rettilineo;Una carreggiata a senso unico di marcia;Asciutto;Asfaltata;Assente;Sereno;Normale;Buona;Ore Diurne;0;0;0;1;;;-1;1;Autovettura privata;In marcia / fermata / arresto;Conducente;F;Illeso;0;;Non accertato;Inesistente
1816692;17;27/09/2009 01:10;Strada Urbana;PIAZZA COLA DI RIENZO;in prossimità;;del civico n. ;114;;Veicolo in marcia contro veicolo fermo;Rettilineo;Una carreggiata a doppio senso;Asciutto;Asfaltata;Orizzontale;Sereno;Scarso;Buona;Sufficiente;0;0;0;2;;;-1;1;Autovettura privata;Sosta;Passeggero;M;Illeso;0;;Non accertato;Inesistente
1816692;17;27/09/2009 01:10;Strada Urbana;PIAZZA COLA DI RIENZO;in prossimità;;del civico n. ;114;;Veicolo in marcia contro veicolo fermo;Rettilineo;Una carreggiata a doppio senso;Asciutto;Asfaltata;Orizzontale;Sereno;Scarso;Buona;Sufficiente;0;0;0;2;;;-1;2;Autovettura privata;In marcia / fermata / arresto;Conducente;F;Illeso;0;;Non accertato;Inesistente
1816750;20;24/09/2009 14:30;Strada Urbana;VIA GIORGIO NICOLA PAPANICOLAU;da specificare;;;;alt ingresso Osp San Andrea lato GRA;Veicolo in marcia contro veicolo fermo;Curva a visuale libera;Una carreggiata a senso unico di marcia;Asciutto;Asfaltata;Verticale;Sereno;Normale;Buona;Ore Diurne;0;0;0;1;;;-1;1;Autovettura privata;In marcia / fermata / arresto;Conducente;F;Illeso;0;;Non accertato;Inesploso
1816901;5;23/09/2009 13:30;Strada Urbana;VIA CASTEL BOVERANO;in prossimità;;del civico n. ;41;;Tamponamento;Rettilineo;Una carreggiata a doppio senso;Asciutto;Asfaltata;Verticale ed orizzontale;Sereno;Normale;Buona;Ore Diurne;1;0;0;1;;;-1;1;Autovettura privata;In marcia / fermata / arresto;Conducente;F;Rimandato;0;NON DECEDUTO;Non accertato;Inesistente
1816901;5;23/09/2009 13:30;Strada Urbana;VIA CASTEL BOVERANO;in prossimità;;del civico n. ;41;;Tamponamento;Rettilineo;Una carreggiata a doppio senso;Asciutto;Asfaltata;Verticale ed orizzontale;Sereno;Normale;Buona;Ore Diurne;1;0;0;1;;;-1;2;Autobus di linea;In marcia / fermata / arresto;Conducente;F;Illeso;0;;Non accertato;Inesistente
1817136;5;21/09/2009 08:30;Comunale extraurbana;VIA DI SALONE;all'intersezione con;VIA LEOFRENI;VIA LEOFRENI;;;Scontro frontale/laterale DX fra veicoli in marcia;Incrocio;Una carreggiata a doppio senso;Asciutto;Asfaltata;Assente;Nuvoloso;Normale;Buona;Ore Diurne;1;0;0;1;;;-1;1;Autobus urbano;In marcia / fermata / arresto;Conducente;M;Illeso;0;;Non accertato;Inesistente
1817136;5;21/09/2009 08:30;Comunale extraurbana;VIA DI SALONE;all'intersezione con;VIA LEOFRENI;VIA LEOFRENI;;;Scontro frontale/laterale DX fra veicoli in marcia;Incrocio;Una carreggiata a doppio senso;Asciutto;Asfaltata;Assente;Nuvoloso;Normale;Buona;Ore Diurne;1;0;0;1;;;-1;2;Autovettura privata;In marcia / fermata / arresto;Conducente;F;Rimandato;0;NON DECEDUTO;Non accertato;Inesistente
1817137;5;22/09/2009 07:45;Strada Urbana;VIA IGINO GIORDANI;all'intersezione con;VIA TRIVENTO;VIA TRIVENTO;;;Scontro frontale/laterale DX fra veicoli in marcia;Incrocio;Una carreggiata a doppio senso;Asciutto;Asfaltata;Verticale ed orizzontale;Nuvoloso;Intenso;Buona;Ore Diurne;1;0;0;1;;;-1;1;Ciclomotore;In marcia / fermata / arresto;Conducente;M;Rimandato;0;NON DECEDUTO;Non accertato;Inesistente
1817137;5;22/09/2009 07:45;Strada Urbana;VIA IGINO GIORDANI;all'intersezione con;VIA TRIVENTO;VIA TRIVENTO;;;Scontro frontale/laterale DX fra veicoli in marcia;Incrocio;Una carreggiata a doppio senso;Asciutto;Asfaltata;Verticale ed orizzontale;Nuvoloso;Intenso;Buona;Ore Diurne;1;0;0;1;;;-1;2;Autovettura privata;In marcia / fermata / arresto;Conducente;F;Illeso;0;;Non accertato;Inesistente
1817138;5;24/09/2009 12:40;Strada Urbana;VIA RUBELLIA;all'intersezione con;VIA DI CASAL BIANCO;VIA DI CASAL BIANCO;;;Scontro frontale/laterale SX fra veicoli in marcia;Incrocio;Una carreggiata a doppio senso;Asciutto;Asfaltata;Verticale ed orizzontale;Sereno;Scarso;Buona;Ore Diurne;2;0;0;2;;;-1;1;Autoambulanza;In marcia / fermata / arresto;Conducente;M;Illeso;0;;Non accertato;Inesistente
1817138;5;24/09/2009 12:40;Strada Urbana;VIA RUBELLIA;all'intersezione con;VIA DI CASAL BIANCO;VIA DI CASAL BIANCO;;;Scontro frontale/laterale SX fra veicoli in marcia;Incrocio;Una carreggiata a doppio senso;Asciutto;Asfaltata;Verticale ed orizzontale;Sereno;Scarso;Buona;Ore Diurne;2;0;0;2;;;-1;2;Autovettura privata;In marcia / fermata / arresto;Conducente;F;Rimandato;0;NON DECEDUTO;Non accertato;Inesistente
1817138;5;24/09/2009 12:40;Strada Urbana;VIA RUBELLIA;all'intersezione con;VIA DI CASAL BIANCO;VIA DI CASAL BIANCO;;;Scontro frontale/laterale SX fra veicoli in marcia;Incrocio;Una carreggiata a doppio senso;Asciutto;Asfaltata;Verticale ed orizzontale;Sereno;Scarso;Buona;Ore Diurne;2;0;0;2;;;-1;3;Autovettura privata;In marcia / fermata / arresto;Conducente;F;Rimandato;0;NON DECEDUTO;Non accertato;Inesistente